question,answer_llm,answer_orig,document
What does emotional intelligence mean in simple terms?,"Emotional intelligence means how well you handle yourself, your emotions, and your relationships with other people.","Emotional intelligence is how effectively you handle yourself, your emotions, and your relationships with other people.",0
How does emotional intelligence affect the way you handle your own emotions?,Emotional intelligence helps you handle yourself and your emotions more effectively.,"Emotional intelligence is how effectively you handle yourself, your emotions, and your relationships with other people.",0
Why is emotional intelligence important in relationships with other people?,"Emotional intelligence is important in relationships because it helps you manage yourself, your emotions, and interact effectively with other people.","Emotional intelligence is how effectively you handle yourself, your emotions, and your relationships with other people.",0
What skills are included in emotional intelligence besides self-control?,"The four main domains of emotional intelligence are **self-awareness, self-management, empathy, and relationship management**.","Emotional intelligence is how effectively you handle yourself, your emotions, and your relationships with other people.",0
How would you explain emotional intelligence to someone who has never heard of it?,"Emotional intelligence is how effectively you handle yourself, your emotions, and your relationships with other people. It also includes recognizing, understanding, and managing your own emotions, as well as understanding and influencing the emotions of others.","Emotional intelligence is how effectively you handle yourself, your emotions, and your relationships with other people.",0
What are the four main parts of emotional intelligence?,"The four main parts of emotional intelligence are **self-awareness, self-management, empathy, and relationship management**.","The four domains are self-awareness, self-management, empathy, and relationship management.",1
Which four domains make up emotional intelligence?,"The four domains are self-awareness, self-management, empathy, and relationship management.","The four domains are self-awareness, self-management, empathy, and relationship management.",1
Can you list the four core areas of emotional intelligence?,"The four core areas of emotional intelligence are **self-awareness, self-management, empathy, and relationship management**.","The four domains are self-awareness, self-management, empathy, and relationship management.",1
What are the key domains included in emotional intelligence?,"The key domains are **self-awareness, self-management, empathy, and relationship management**.","The four domains are self-awareness, self-management, empathy, and relationship management.",1
What are the four main emotional intelligence skills?,"The four main emotional intelligence skills are **self-awareness, self-management, empathy, and relationship management**.","The four domains are self-awareness, self-management, empathy, and relationship management.",1
What does it mean to be self-aware?,Being self-aware means recognizing what you are feeling and understanding why you are feeling it.,Being self-aware means recognizing what you are feeling and understanding why you are feeling it.,2
How would you explain self-awareness in simple terms?,"Self-awareness is being aware of your own thoughts, feelings, and behavior. In simple terms, it means noticing what’s going on inside you and understanding how it affects what you do.",Being self-aware means recognizing what you are feeling and understanding why you are feeling it.,2
What does it involve when someone is self-aware?,Being self-aware involves recognizing what you are feeling and understanding why you are feeling it.,Being self-aware means recognizing what you are feeling and understanding why you are feeling it.,2
Why is being self-aware about noticing your feelings and knowing why they happen?,Being self-aware means recognizing what you are feeling and understanding why you are feeling it. This is important because you need to recognize and understand an emotion before you can manage it effectively.,Being self-aware means recognizing what you are feeling and understanding why you are feeling it.,2
In what way does self-awareness help you understand what you feel and the reason behind it?,Self-awareness helps you recognize what you are feeling and understand why you are feeling it.,Being self-aware means recognizing what you are feeling and understanding why you are feeling it.,2
How can self-awareness improve your intuition?,Understanding your emotions and their causes gives you useful internal information that can support your intuition.,Understanding your emotions and their causes gives you useful internal information that can support your intuition.,3
Why does understanding your emotions and their causes help intuition?,Understanding your emotions and their causes gives you useful internal information that can support your intuition.,Understanding your emotions and their causes gives you useful internal information that can support your intuition.,3
What kind of internal information comes from being aware of your emotions?,Understanding your emotions and their causes gives you useful internal information that can support your intuition.,Understanding your emotions and their causes gives you useful internal information that can support your intuition.,3
Can knowing why I feel a certain way make my gut feelings better?,"Yes. Knowing why you feel a certain way can help you understand what’s influencing your judgment, recognize the emotion’s effect, and choose how to manage it better.",Understanding your emotions and their causes gives you useful internal information that can support your intuition.,3
In what way does self-awareness support intuition?,"Self-awareness supports intuition by helping you understand your emotions and why you feel them, giving you useful internal information to guide your intuition.",Understanding your emotions and their causes gives you useful internal information that can support your intuition.,3
How can understanding your feelings improve the way you make choices?,Understanding your feelings helps you see how they may be influencing your judgment and choices.,Recognizing your feelings helps you understand how they may be influencing your judgment and choices.,4
In what way does noticing your emotions help you judge situations better?,Recognizing your emotions helps you understand how they may be influencing your judgment and choices.,Recognizing your feelings helps you understand how they may be influencing your judgment and choices.,4
Why is it useful to recognize what you're feeling before deciding something?,"It’s useful because if you recognize what you’re feeling, you can intentionally choose how to respond or regulate it before deciding. If you deny or ignore the feeling, you can’t deliberately manage it.",Recognizing your feelings helps you understand how they may be influencing your judgment and choices.,4
How can being aware of your emotions affect your judgment and decisions?,"Being aware of your emotions helps you understand how they may be influencing your judgment and choices, which can lead to better decisions.",Recognizing your feelings helps you understand how they may be influencing your judgment and choices.,4
What does self-awareness do to help you make smarter choices?,"Self-awareness helps you recognize your feelings and understand how they influence your judgment and choices, so you can make better decisions.",Recognizing your feelings helps you understand how they may be influencing your judgment and choices.,4
How does self-awareness help act as a moral compass in daily choices?,"Self-awareness helps act as a moral compass by helping you recognize your feelings and internal signals, so you can see how they influence your choices and behavior.",Self-awareness helps you recognize the feelings and internal signals that guide your choices and behavior.,5
In what way does being self-aware help you notice feelings and inner signals?,Self-awareness helps you recognize the feelings and internal signals that guide your choices and behavior.,Self-awareness helps you recognize the feelings and internal signals that guide your choices and behavior.,5
Why is self-awareness useful for guiding behavior and decisions?,"Self-awareness is useful because it helps you recognize and understand your own emotions and internal experiences, which is necessary before you can manage them effectively. It also helps you notice when emotions are influencing your perceptions and decisions, even if you think you are being objective.",Self-awareness helps you recognize the feelings and internal signals that guide your choices and behavior.,5
How can knowing your own emotions make it easier to choose the right action?,"Knowing your own emotions helps you understand how they may be influencing your judgment and choices, so you can choose the right action more intentionally.",Self-awareness helps you recognize the feelings and internal signals that guide your choices and behavior.,5
What does self-awareness let you recognize inside yourself when making choices?,Self-awareness lets you recognize your feelings and internal signals inside yourself when making choices.,Self-awareness helps you recognize the feelings and internal signals that guide your choices and behavior.,5
What does emotional self-management mean in simple terms?,It means being able to handle upsetting emotions so they don’t get in the way of what you’re doing.,Emotional self-management is the ability to handle distressing emotions effectively so they do not interfere with what you are doing.,6
How would you describe emotional self-management when someone is upset?,Emotional self-management is the ability to handle distressing emotions effectively so they do not interfere with what you are doing.,Emotional self-management is the ability to handle distressing emotions effectively so they do not interfere with what you are doing.,6
Why is emotional self-management important for staying focused on a task?,Emotional self-management is important because it helps you handle distressing emotions effectively so they do not interfere with what you are doing.,Emotional self-management is the ability to handle distressing emotions effectively so they do not interfere with what you are doing.,6
What does it look like to handle distressing emotions effectively?,Handling distressing emotions effectively means keeping them from overwhelming you or interfering with what you need to do.,Emotional self-management is the ability to handle distressing emotions effectively so they do not interfere with what you are doing.,6
How can emotional self-management keep emotions from interfering with what you're doing?,Emotional self-management helps by handling distressing emotions effectively so they don’t interfere with what you are doing.,Emotional self-management is the ability to handle distressing emotions effectively so they do not interfere with what you are doing.,6
Why should I pay attention to distressing emotions instead of pushing them away?,You should pay attention to distressing emotions because they have a function and may teach you something important. Pushing them away can also make them come back more strongly.,Distressing emotions should receive attention because every emotion has a function and may teach you something important.,7
What can distressing feelings teach me about myself if I notice them?,Distressing feelings can teach you that every emotion has a function and may be telling you something important.,Distressing emotions should receive attention because every emotion has a function and may teach you something important.,7
"Do negative emotions actually have a purpose, or are they just a problem to get rid of?","Negative emotions do have a purpose. According to the context, every emotion has a function and can give you information about yourself or your situation. Difficult emotions can also contain lessons you may need to understand.

The goal isn’t to get rid of them completely, but to keep them from overwhelming you or interfering with what you need to do.",Distressing emotions should receive attention because every emotion has a function and may teach you something important.,7
How can paying attention to uncomfortable emotions help me understand what matters?,Paying attention to uncomfortable emotions can help because every emotion has a function and may teach you something important.,Distressing emotions should receive attention because every emotion has a function and may teach you something important.,7
Why is it worth listening to difficult emotions when they feel so bad?,Difficult emotions are worth listening to because they can have a purpose and may contain lessons you need to understand.,Distressing emotions should receive attention because every emotion has a function and may teach you something important.,7
"Do all emotions actually serve some kind of purpose, or are some just random feelings?","Yes. According to the context, every emotion has a function and can provide information about you or your situation.",Yes. Every emotion has a function and can provide information about you or your situation.,8
What can my emotions tell me about myself or what’s happening around me?,"Your emotions can tell you what you’re feeling, what may have triggered you, and how you reacted. By noticing them, you can better understand what is happening around you and how it is affecting you.",Yes. Every emotion has a function and can provide information about you or your situation.,8
"If every emotion has a function, how should I use that information in daily life?","Use it as **information and a guide for action**.

In daily life, that means:
- **Notice the emotion**
- **Ask what it might be telling you**
- **Decide how to respond or manage its effects**

Even distressing emotions are worth paying attention to because they may teach you something important.",Yes. Every emotion has a function and can provide information about you or your situation.,8
"Are there any emotions that don’t really have a purpose, or do they all mean something?",Every emotion has a function and can provide information about you or your situation. Difficult emotions also have functions and may contain lessons you need to understand.,Yes. Every emotion has a function and can provide information about you or your situation.,8
How can I tell what a specific emotion is trying to show me?,I don't know.,Yes. Every emotion has a function and can provide information about you or your situation.,8
How do positive emotions help with self-management?,"Positive emotions can help you become involved, motivated, and enthusiastic about what you are doing.","Positive emotions can help you become involved, motivated, and enthusiastic about what you are doing.",9
In what way can feeling positive make someone more motivated and involved?,"Positive emotions can make someone more involved, motivated, and enthusiastic about what they are doing.","Positive emotions can help you become involved, motivated, and enthusiastic about what you are doing.",9
Why do positive emotions matter when you're trying to manage yourself better?,"Positive emotions matter because they can help you become more involved, motivated, and enthusiastic about what you’re doing. They can also increase your enthusiasm and help align your actions with your passions.","Positive emotions can help you become involved, motivated, and enthusiastic about what you are doing.",9
How can being enthusiastic help you stay engaged in what you're doing?,Being enthusiastic can help you stay engaged by making you more involved and motivated in what you are doing.,"Positive emotions can help you become involved, motivated, and enthusiastic about what you are doing.",9
What does it mean when positive emotions support self-management?,"Positive emotions can help you become involved, motivated, and enthusiastic about what you are doing.","Positive emotions can help you become involved, motivated, and enthusiastic about what you are doing.",9
How would you explain aligning your actions with your passions in a simple way?,It means doing things that match what you genuinely care about and what motivates you.,It means connecting what you do with the interests and purposes that genuinely motivate you.,10
What does it look like when someone connects their daily choices with what truly motivates them?,It means connecting what you do with the interests and purposes that genuinely motivate you.,It means connecting what you do with the interests and purposes that genuinely motivate you.,10
Can you describe what it means to let your interests and purpose guide what you do?,It means connecting what you do with the interests and purposes that genuinely motivate you.,It means connecting what you do with the interests and purposes that genuinely motivate you.,10
Why is it important to make your actions match the things that genuinely drive you?,"It’s important because your values and motivations guide your choices. If your actions don’t match what genuinely drives you, it can lead to dissatisfaction without the cause being obvious.",It means connecting what you do with the interests and purposes that genuinely motivate you.,10
What does it mean when your work or habits are connected to your real passions?,It means connecting what you do with the interests and purposes that genuinely motivate you.,It means connecting what you do with the interests and purposes that genuinely motivate you.,10
What does empathy mean in simple terms?,Empathy means being able to recognize and understand what another person is feeling.,Empathy is the ability to recognize and understand what another person is feeling.,11
How would you define empathy as a person’s ability to understand feelings?,Empathy is the ability to recognize and understand what another person is feeling.,Empathy is the ability to recognize and understand what another person is feeling.,11
What is the basic idea behind empathy?,The basic idea behind empathy is recognizing and understanding what another person is feeling.,Empathy is the ability to recognize and understand what another person is feeling.,11
Can you explain empathy as recognizing what someone else feels?,Yes. Empathy is the ability to recognize and understand what another person is feeling.,Empathy is the ability to recognize and understand what another person is feeling.,11
Why is empathy described as understanding another person’s emotions?,Empathy is described that way because it means recognizing and understanding what another person is feeling.,Empathy is the ability to recognize and understand what another person is feeling.,11
What does relationship management mean in emotional intelligence?,"Relationship management in emotional intelligence means combining self-awareness, self-management, and empathy to interact skillfully with others.","Relationship management means combining self-awareness, self-management, and empathy to interact skillfully with others.",12
"How does relationship management connect self-awareness, self-management, and empathy?","Relationship management combines self-awareness, self-management, and empathy to help you interact skillfully with others.","Relationship management means combining self-awareness, self-management, and empathy to interact skillfully with others.",12
"In emotional intelligence, how do you use relationship management to deal with other people skillfully?","Use self-awareness, self-management, empathy, and social skills to interact skillfully with others.","Relationship management means combining self-awareness, self-management, and empathy to interact skillfully with others.",12
What skills are combined in relationship management when talking about emotional intelligence?,"Relationship management combines **self-awareness, self-management, and empathy** to interact skillfully with others.","Relationship management means combining self-awareness, self-management, and empathy to interact skillfully with others.",12
"Why is relationship management considered part of emotional intelligence, and what does it involve?","Relationship management is considered part of emotional intelligence because emotional intelligence includes how effectively you handle yourself, your emotions, and your relationships with other people. Relationship management is the domain that focuses on managing those relationships well.

It involves combining self-awareness, self-management, and empathy to interact skillfully with others.","Relationship management means combining self-awareness, self-management, and empathy to interact skillfully with others.",12
Why is it important for children to practice self-awareness and other emotional intelligence skills regularly?,Repeated practice helps support children’s emotional and social development.,"Repeatedly practicing self-awareness, self-management, empathy, and social skills can support children's emotional and social development.",13
"How do self-awareness, self-management, empathy, and social skills help a child’s emotional and social growth?","Repeatedly practicing self-awareness, self-management, empathy, and social skills can support a child’s emotional and social development.","Repeatedly practicing self-awareness, self-management, empathy, and social skills can support children's emotional and social development.",13
What happens when kids keep practicing emotional intelligence skills like empathy and self-management?,Repeatedly practicing emotional intelligence skills like empathy and self-management can support children’s emotional and social development.,"Repeatedly practicing self-awareness, self-management, empathy, and social skills can support children's emotional and social development.",13
Can learning self-awareness and social skills support a child’s development in everyday life?,Yes. Repeatedly practicing self-awareness and social skills can support a child’s emotional and social development in everyday life.,"Repeatedly practicing self-awareness, self-management, empathy, and social skills can support children's emotional and social development.",13
Why should children be taught emotional intelligence skills such as self-awareness and empathy?,"Children should be taught emotional intelligence skills because practicing self-awareness, self-management, empathy, and social skills supports their emotional and social development and helps them manage emotions more effectively and reduce harmful behavior.","Repeatedly practicing self-awareness, self-management, empathy, and social skills can support children's emotional and social development.",13
How does neuroplasticity help the brain change based on repeated experiences and practice?,Neuroplasticity allows the brain to shape itself according to repeated experiences and practice.,Neuroplasticity allows the brain to shape itself according to repeated experiences and practice.,14
In what way does neuroplasticity support emotional learning and growth?,Neuroplasticity supports emotional learning and growth by allowing the brain to shape itself through repeated experiences and practice.,Neuroplasticity allows the brain to shape itself according to repeated experiences and practice.,14
Why is repeated practice important for the brain when it comes to self-awareness?,"Repeated practice is important because the brain is neuroplastic, so repeated experiences can shape the brain and strengthen emotional and social skills.",Neuroplasticity allows the brain to shape itself according to repeated experiences and practice.,14
How can the brain shape itself through experience and repetition?,The brain can shape itself through repeated experiences and practice because of **neuroplasticity**.,Neuroplasticity allows the brain to shape itself according to repeated experiences and practice.,14
What role does neuroplasticity play in learning from emotions over time?,"Neuroplasticity lets the brain change itself based on repeated emotional experiences and practice, so over time it helps you learn from emotions.",Neuroplasticity allows the brain to shape itself according to repeated experiences and practice.,14
"How much did the school programs reduce antisocial behavior, like disruption and violence, according to the study?","The school programs were associated with a **10 percent reduction** in antisocial behavior, including disruption and violence.","The school programs discussed were associated with a 10 percent reduction in antisocial behavior, including disruption and violence.",15
What kind of effect did social and emotional learning have on antisocial behavior at school?,"Social and emotional learning was associated with a **10 percent reduction in antisocial behavior** at school, including **disruption and violence**.","The school programs discussed were associated with a 10 percent reduction in antisocial behavior, including disruption and violence.",15
"Did the programs linked to social and emotional learning actually cut down on disruptive or violent behavior in schools, and by how much?","Yes. The programs were associated with a **10 percent reduction in antisocial behavior**, including **disruption and violence** in schools.","The school programs discussed were associated with a 10 percent reduction in antisocial behavior, including disruption and violence.",15
"In the research, what was the reported change in antisocial behavior after the school programs were used?",The school programs were associated with a **10 percent reduction in antisocial behavior**.,"The school programs discussed were associated with a 10 percent reduction in antisocial behavior, including disruption and violence.",15
How effective were the school-based social and emotional learning programs at reducing bad behavior in class and at school?,"The school-based social and emotional learning programs were associated with a **10 percent reduction in antisocial behavior**, including **disruption and violence** in class and at school.","The school programs discussed were associated with a 10 percent reduction in antisocial behavior, including disruption and violence.",15
How much did the social and emotional learning programs increase prosocial behaviors like liking school and behaving well?,The programs were associated with a **10 percent increase** in prosocial behaviors like liking school and behaving well.,The programs discussed were associated with a 10 percent increase in behaviors such as liking school and behaving well.,16
What kind of change in behavior was linked to the programs discussed in the video?,"The programs were linked to a **10 percent increase in prosocial behavior**, such as **liking school and behaving well**.",The programs discussed were associated with a 10 percent increase in behaviors such as liking school and behaving well.,16
Did the social and emotional learning programs have a noticeable effect on students' attitudes and behavior?,"Yes. The programs were associated with a 10% increase in prosocial behaviors like liking school and behaving well, and a 10% reduction in antisocial behavior such as disruption and violence.",The programs discussed were associated with a 10 percent increase in behaviors such as liking school and behaving well.,16
By how much did behaviors such as liking school and acting well go up after these programs?,The behaviors went up by **10 percent**.,The programs discussed were associated with a 10 percent increase in behaviors such as liking school and behaving well.,16
What happened to prosocial behavior when students took part in the social and emotional learning programs?,Prosocial behavior increased by about 10 percent.,The programs discussed were associated with a 10 percent increase in behaviors such as liking school and behaving well.,16
How much did the social and emotional learning programs improve academic achievement scores?,The social and emotional learning programs were associated with an **11 percent increase in academic achievement scores**.,The programs discussed were associated with an 11 percent increase in academic achievement scores.,17
What effect were the programs discussed said to have on students' academic performance?,The programs were associated with an 11 percent increase in academic achievement scores.,The programs discussed were associated with an 11 percent increase in academic achievement scores.,17
By how much did academic achievement scores increase with those social and emotional learning programs?,The academic achievement scores increased by **11 percent**.,The programs discussed were associated with an 11 percent increase in academic achievement scores.,17
"Did the programs in the video actually lead to better academic scores, and if so, how much?",Yes. The programs were associated with an 11% increase in academic achievement scores.,The programs discussed were associated with an 11 percent increase in academic achievement scores.,17
What was the reported change in achievement scores from the social and emotional learning programs?,The programs were associated with an **11 percent increase in academic achievement scores**.,The programs discussed were associated with an 11 percent increase in academic achievement scores.,17
How does executive function help with managing emotions and staying in control of your attention?,Executive function helps you manage your emotions and direct your attention.,Executive function helps you manage your emotions and direct your attention.,18
In what way does executive function support emotional self-management and focus?,Executive function supports emotional self-management by helping you manage your emotions and direct your attention.,Executive function helps you manage your emotions and direct your attention.,18
Why is executive function important for handling emotions and directing attention?,Executive function is important because it helps you manage your emotions and direct your attention.,Executive function helps you manage your emotions and direct your attention.,18
How can executive function make it easier to manage feelings and pay attention?,Executive function helps you manage your emotions and direct your attention.,Executive function helps you manage your emotions and direct your attention.,18
What role does executive function play in emotional control and attention management?,Executive function helps you manage your emotions and direct your attention.,Executive function helps you manage your emotions and direct your attention.,18
"Can emotional intelligence be developed over time with practice, and if so, how does that happen?","Yes. As you practice and become more effective, you can develop strengths in the emotional areas you need.","Yes. As you practice and become more effective, you can develop strengths in the emotional areas you need.",19
Is it possible to strengthen the emotional skills I need most by practicing them regularly?,"Yes. As you practice and become more effective, you can develop strengths in the emotional areas you need.","Yes. As you practice and become more effective, you can develop strengths in the emotional areas you need.",19
Can someone improve their emotional awareness and become more effective at handling feelings?,"Yes. As you practice and become more effective, you can develop strengths in the emotional areas you need.","Yes. As you practice and become more effective, you can develop strengths in the emotional areas you need.",19
Do emotional intelligence abilities grow as you keep practicing and getting better at them?,"Yes. As you practice and become more effective, you can develop strengths in the emotional areas you need.","Yes. As you practice and become more effective, you can develop strengths in the emotional areas you need.",19
What kind of progress can you make in emotional intelligence if you focus on the emotional areas that need work?,You can acquire strengths in the emotional areas you need to become more effective.,"Yes. As you practice and become more effective, you can develop strengths in the emotional areas you need.",19
"What are the two main ways an emotion can come about, one from automatic reactions and one from thinking things through?",An emotion can come about in two main ways: **through an automatic bottom-up process** or **through a cognitive top-down process involving thoughts and interpretations**.,An emotion can arise through an automatic bottom-up process or through a cognitive top-down process involving thoughts and interpretations.,20
How can emotions be generated through both a bottom-up process and a top-down process?,"Emotions can be generated in two ways: through an automatic **bottom-up** process, or through a **top-down** process where your thoughts and interpretations about a situation create the emotion.",An emotion can arise through an automatic bottom-up process or through a cognitive top-down process involving thoughts and interpretations.,20
What does it mean for an emotion to arise automatically versus being shaped by thoughts and interpretations?,"An emotion arising **automatically** means it happens as a **bottom-up process**, without much conscious thought.  
An emotion being **shaped by thoughts and interpretations** means it comes from a **top-down cognitive process**, where what you think about a situation helps create the emotion.",An emotion can arise through an automatic bottom-up process or through a cognitive top-down process involving thoughts and interpretations.,20
Can you explain the two routes that produce emotion: one driven by direct reactions and one driven by cognition?,I don't know.,An emotion can arise through an automatic bottom-up process or through a cognitive top-down process involving thoughts and interpretations.,20
"In what two ways can an emotion be formed, especially if one is automatic and the other depends on how we interpret things?",An emotion can be formed in two ways: through an automatic **bottom-up process** or through a **cognitive top-down process** that depends on our thoughts and interpretations.,An emotion can arise through an automatic bottom-up process or through a cognitive top-down process involving thoughts and interpretations.,20
What’s the difference between an emotion and a feeling when it comes to being automatic or spontaneous?,"An emotion is more automatic, spontaneous, and momentary, while a feeling involves thinking about and interpreting the emotional experience.","An emotion is more automatic, spontaneous, and momentary, while a feeling involves thinking about and interpreting the emotional experience.",21
How is a feeling different from an emotion if it includes thinking about what you’re experiencing?,"A feeling is different from an emotion because it involves thinking about and interpreting what you’re experiencing, while an emotion is more automatic, spontaneous, and momentary.","An emotion is more automatic, spontaneous, and momentary, while a feeling involves thinking about and interpreting the emotional experience.",21
"Why are emotions described as momentary, while feelings seem to last longer?",I don't know.,"An emotion is more automatic, spontaneous, and momentary, while a feeling involves thinking about and interpreting the emotional experience.",21
Can you explain the line between an immediate emotional reaction and the way we interpret it afterward?,"An immediate emotional reaction is more automatic, spontaneous, and momentary. The interpretation afterward is the feeling part, where you think about and make sense of what you experienced.","An emotion is more automatic, spontaneous, and momentary, while a feeling involves thinking about and interpreting the emotional experience.",21
"In simple terms, what makes an emotion different from a feeling?","An emotion is usually more automatic and immediate, while a feeling is the part where you think about and interpret that emotion.","An emotion is more automatic, spontaneous, and momentary, while a feeling involves thinking about and interpreting the emotional experience.",21
"Can the same physical feeling mean different things emotionally, like butterflies in your stomach being attraction, anxiety, or sickness?","Yes. The same physical sensation can have different emotional meanings—for example, butterflies in your stomach could mean attraction, anxiety, or that you’re becoming ill.","Yes. For example, butterflies in your stomach could be interpreted as attraction, anxiety, or a sign that you are becoming ill.",22
How can one body sensation end up being linked to more than one emotion or state of mind?,I don't know.,"Yes. For example, butterflies in your stomach could be interpreted as attraction, anxiety, or a sign that you are becoming ill.",22
Is it normal to read the same physical sign as excitement one time and worry the next?,"Yes. The same physical sensation can have different emotional meanings—for example, butterflies in your stomach could be interpreted as attraction, anxiety, or even a sign that you are becoming ill.","Yes. For example, butterflies in your stomach could be interpreted as attraction, anxiety, or a sign that you are becoming ill.",22
"Why do sensations in the stomach sometimes feel like attraction, other times like anxiety, and other times like getting sick?","The same physical sensation can have different emotional meanings. For example, butterflies in your stomach could be interpreted as attraction, anxiety, or a sign that you are becoming ill.","Yes. For example, butterflies in your stomach could be interpreted as attraction, anxiety, or a sign that you are becoming ill.",22
Can a single sensation in your body have more than one emotional meaning depending on the situation?,"Yes. A single physical sensation can have different emotional meanings depending on the situation—for example, butterflies in your stomach might mean attraction, anxiety, or even that you’re becoming ill.","Yes. For example, butterflies in your stomach could be interpreted as attraction, anxiety, or a sign that you are becoming ill.",22
How do thoughts and emotions affect each other in everyday situations?,"Thoughts and emotions influence each other in everyday situations: an emotion can trigger certain thoughts, and your thoughts about a situation can create an emotional response.","An emotion can produce particular thoughts, and your thoughts about a situation can also generate an emotional response.",23
"Can an emotion trigger specific thoughts, and can those thoughts create a feeling too?","Yes. An emotion can produce particular thoughts, and your thoughts about a situation can also generate an emotional response.","An emotion can produce particular thoughts, and your thoughts about a situation can also generate an emotional response.",23
In what way do our thoughts about something change how we feel about it?,Your thoughts about a situation can generate an emotional response.,"An emotion can produce particular thoughts, and your thoughts about a situation can also generate an emotional response.",23
"Is it possible for emotions to lead to thoughts, and for thoughts to lead back to emotions?","Yes. An emotion can produce particular thoughts, and your thoughts about a situation can also generate an emotional response.","An emotion can produce particular thoughts, and your thoughts about a situation can also generate an emotional response.",23
How can thinking about a situation shape the emotional response we have to it?,"Your thoughts about a situation can generate an emotional response. In other words, how you interpret or think about something can shape what you feel about it.","An emotion can produce particular thoughts, and your thoughts about a situation can also generate an emotional response.",23
Why is self-awareness considered the foundation of emotional intelligence?,Self-awareness is considered the foundation of emotional intelligence because you must recognize and understand an emotion before you can manage it effectively.,Self-awareness is the foundation because you must recognize and understand an emotion before you can manage it effectively.,24
How does recognizing an emotion first help you manage it better?,"Recognizing an emotion first helps because once you observe and understand it, the emotion may decrease in intensity and become easier to manage.",Self-awareness is the foundation because you must recognize and understand an emotion before you can manage it effectively.,24
What makes self-awareness so important when it comes to emotional intelligence?,Self-awareness is so important because you have to recognize and understand an emotion before you can manage it effectively.,Self-awareness is the foundation because you must recognize and understand an emotion before you can manage it effectively.,24
Why do you need to understand your emotions before you can control them?,You need to understand an emotion first so you can identify what you’re actually feeling and choose an appropriate response to regulate it.,Self-awareness is the foundation because you must recognize and understand an emotion before you can manage it effectively.,24
How is self-awareness connected to managing emotions effectively?,Self-awareness is the foundation of emotional intelligence because you have to recognize and understand an emotion before you can manage it effectively.,Self-awareness is the foundation because you must recognize and understand an emotion before you can manage it effectively.,24
What happens when someone is emotionally unconscious and doesn't notice what they're feeling?,You experience emotions and react to situations without noticing what you are feeling or what is influencing you.,You experience emotions and react to situations without noticing what you are feeling or what is influencing you.,25
"If you're emotionally unconscious, how do you react to situations without realizing what's influencing you?",You react to situations without noticing what you are feeling or what is influencing you.,You experience emotions and react to situations without noticing what you are feeling or what is influencing you.,25
How does emotional unconsciousness show up in everyday reactions and feelings?,I don't know.,You experience emotions and react to situations without noticing what you are feeling or what is influencing you.,25
What does it mean when a person experiences emotions but isn't aware of them?,"It means the person is having feelings or emotional reactions, but they are not recognizing or understanding those emotions.",You experience emotions and react to situations without noticing what you are feeling or what is influencing you.,25
"When you're not noticing your own emotions, what kind of behavior or reaction happens?",You experience emotions and react to situations without noticing what you are feeling or what is influencing you.,You experience emotions and react to situations without noticing what you are feeling or what is influencing you.,25
"What do you start noticing once you’re aware of outside emotional triggers, like a presentation or someone else’s sadness?","You begin to notice situations that may affect you, such as an upcoming presentation or another person’s sadness.","You begin to notice situations that may affect you, such as an upcoming presentation or another person's sadness.",26
How does awareness of external emotional cues change what situations you pay attention to?,"You begin to notice situations that may affect you, such as an upcoming presentation or another person's sadness.","You begin to notice situations that may affect you, such as an upcoming presentation or another person's sadness.",26
"If you become aware of emotions coming from outside yourself, what kinds of events might you notice more easily?","You might notice situations that could affect you more easily, such as an upcoming presentation or another person's sadness.","You begin to notice situations that may affect you, such as an upcoming presentation or another person's sadness.",26
What happens when outside emotional situations start affecting your awareness?,"You begin to notice situations that may affect you, such as an upcoming presentation or another person's sadness.","You begin to notice situations that may affect you, such as an upcoming presentation or another person's sadness.",26
"When you notice external emotional stimuli, what kinds of things can suddenly stand out to you?","Situations that may affect you can suddenly stand out, such as an upcoming presentation or another person’s sadness.","You begin to notice situations that may affect you, such as an upcoming presentation or another person's sadness.",26
What questions can help me move from awareness to self-awareness when I’m feeling uneasy or emotional?,"Ask yourself:

- What am I feeling?
- Why am I feeling it?
- Why do I feel afraid, guilty, sad, angry, or irritated?
- What may have caused this emotion?

","You can ask why you feel afraid, guilty, sad, angry, or irritated and what may have caused the emotion.",27
"How can I figure out why I feel afraid, guilty, sad, angry, or irritated?","You can ask why you feel afraid, guilty, sad, angry, or irritated, and what may have caused the emotion.","You can ask why you feel afraid, guilty, sad, angry, or irritated and what may have caused the emotion.",27
What should I ask myself to understand what caused a strong emotion?,Ask yourself why you feel the emotion and what may have caused it.,"You can ask why you feel afraid, guilty, sad, angry, or irritated and what may have caused the emotion.",27
How do I turn simple awareness into real self-awareness by questioning my feelings?,"By repeatedly asking why you think, feel, or act a certain way, you can uncover the motives behind your behavior. That deeper reflection is what turns simple awareness into real self-awareness.","You can ask why you feel afraid, guilty, sad, angry, or irritated and what may have caused the emotion.",27
What are some good self-reflection questions for finding the cause of my emotions?,"Ask yourself:

- What am I feeling?
- Why am I feeling it?

These two questions can help you practice self-awareness and find the cause of your emotions.","You can ask why you feel afraid, guilty, sad, angry, or irritated and what may have caused the emotion.",27
What does meta-self-awareness mean when someone is noticing their own thoughts and feelings while thinking about them?,"Meta-self-awareness means recognizing that you are actively reflecting on your own thoughts, emotions, and behavior.","Meta-self-awareness is recognizing that you are actively reflecting on your own thoughts, emotions, and behavior.",28
"How would you explain meta-self-awareness in simple words, especially when a person is aware of reflecting on themselves?","Meta-self-awareness means noticing that you are noticing yourself.

In simple words, it’s when you realize, “I’m thinking about my own thoughts,” or “I’m reflecting on how I feel and why.” It’s like stepping back and watching your own inner process.","Meta-self-awareness is recognizing that you are actively reflecting on your own thoughts, emotions, and behavior.",28
"Can you define meta-self-awareness as being conscious of your own thoughts, emotions, and actions at the same time?","Yes—based on the context, meta-self-awareness can be described as recognizing that you are actively reflecting on your own thoughts, emotions, and behavior.","Meta-self-awareness is recognizing that you are actively reflecting on your own thoughts, emotions, and behavior.",28
Is meta-self-awareness the ability to realize that you're actively examining your own mind and behavior?,"Yes. Meta-self-awareness is recognizing that you are actively reflecting on your own thoughts, emotions, and behavior.","Meta-self-awareness is recognizing that you are actively reflecting on your own thoughts, emotions, and behavior.",28
"What does it mean to be self-aware of the fact that you're reflecting on your thoughts, emotions, and behavior?","It means **meta-self-awareness**: recognizing that you are actively reflecting on your own thoughts, emotions, and behavior.","Meta-self-awareness is recognizing that you are actively reflecting on your own thoughts, emotions, and behavior.",28
How is self-reflection different from rumination when it comes to thinking about yourself?,"Self-reflection uses curiosity to promote learning and improvement, while rumination keeps you trapped in repetitive negative thinking.","Self-reflection uses curiosity to promote learning and improvement, while rumination keeps you trapped in repetitive negative thinking.",29
"What makes self-reflection helpful for learning and getting better, instead of just overthinking?","Self-reflection is helpful when it uses curiosity to support learning and improvement. That’s what makes it different from rumination, which keeps you stuck in repetitive negative thinking.","Self-reflection uses curiosity to promote learning and improvement, while rumination keeps you trapped in repetitive negative thinking.",29
Why does rumination feel so repetitive and negative compared with self-reflection?,"Rumination feels repetitive and negative because it keeps you trapped in repetitive negative thinking, unlike self-reflection, which uses curiosity to promote learning and improvement.","Self-reflection uses curiosity to promote learning and improvement, while rumination keeps you trapped in repetitive negative thinking.",29
In what way does curiosity change self-reflection into something useful?,Self-reflection becomes useful when curiosity promotes learning and improvement instead of repetitive negative thinking.,"Self-reflection uses curiosity to promote learning and improvement, while rumination keeps you trapped in repetitive negative thinking.",29
How can I tell if I'm reflecting on myself or just stuck in rumination?,"Self-reflection uses curiosity to promote learning and improvement, while rumination keeps you trapped in repetitive negative thinking.","Self-reflection uses curiosity to promote learning and improvement, while rumination keeps you trapped in repetitive negative thinking.",29
Why do I need to identify what emotion I'm feeling before I can regulate it properly?,"You need to identify the emotion so you know what you’re feeling and can choose the right way to respond. If you don’t recognize the emotion, you can’t intentionally regulate it properly.","You need to know whether you are experiencing anger, sadness, fear, joy, or another emotion before choosing an appropriate response.",30
"What makes it important to tell anger, sadness, fear, and joy apart before responding?","You need to know whether you’re experiencing anger, sadness, fear, joy, or another emotion before choosing an appropriate response.","You need to know whether you are experiencing anger, sadness, fear, joy, or another emotion before choosing an appropriate response.",30
How can I choose the right way to deal with my feelings if I don't know which emotion it is?,"You need to identify the emotion first. If you don’t know whether you’re feeling anger, sadness, fear, joy, or something else, you can’t choose the most appropriate response to regulate it.","You need to know whether you are experiencing anger, sadness, fear, joy, or another emotion before choosing an appropriate response.",30
Why is recognizing the exact emotion the first step before trying to calm it down or manage it?,You need to recognize the exact emotion first because you can’t choose the right way to manage it until you know what you’re actually feeling.,"You need to know whether you are experiencing anger, sadness, fear, joy, or another emotion before choosing an appropriate response.",30
"What happens if I try to regulate my emotions without knowing whether it's anger, sadness, fear, or joy?","If you try to regulate your emotions without knowing whether it’s anger, sadness, fear, joy, or another emotion, you won’t be able to choose an appropriate response.","You need to know whether you are experiencing anger, sadness, fear, joy, or another emotion before choosing an appropriate response.",30
How does being in a good mood affect the way you judge things compared with being in a bad mood?,I don’t know.,"A positive emotional state can lead to a more favorable judgment, while a negative state can lead to a less favorable judgment.",31
Can your emotions make you see the same situation more positively or more negatively?,Yes. Emotions can alter your perception and make you see the same situation more positively or more negatively.,"A positive emotional state can lead to a more favorable judgment, while a negative state can lead to a less favorable judgment.",31
Why do people tend to give better judgments when they feel positive and worse ones when they feel negative?,Recognizing your feelings helps you understand how they may be influencing your judgment and choices.,"A positive emotional state can lead to a more favorable judgment, while a negative state can lead to a less favorable judgment.",31
In what way does your emotional state change how favorable or unfavorable your judgment becomes?,"A positive emotional state can lead to a more favorable judgment, while a negative state can lead to a less favorable judgment.","A positive emotional state can lead to a more favorable judgment, while a negative state can lead to a less favorable judgment.",31
Does feeling upbeat or down actually influence the conclusions you make about things?,Yes. Your emotional state can influence your judgment and the conclusions you make about things. Recognizing what you feel can help you notice that influence and make a more balanced judgment.,"A positive emotional state can lead to a more favorable judgment, while a negative state can lead to a less favorable judgment.",31
How does putting a name on what I'm feeling help me see when an emotion is swaying my judgment?,"Putting a name on what you’re feeling helps you recognize and understand the emotion instead of just reacting to it. Since your emotional state can influence your judgment, identifying the emotion makes it easier to notice when it may be biasing your thoughts or decisions.",Identifying what you feel can help you recognize the emotion's influence and make a more balanced judgment.,32
Why does identifying my emotional state make it easier to make a more balanced decision?,"Identifying your emotional state helps because it lets you recognize how that emotion may be influencing your judgment, so you can evaluate the situation more consistently and make a more balanced decision.",Identifying what you feel can help you recognize the emotion's influence and make a more balanced judgment.,32
In what way can noticing and naming an emotion reduce emotional bias in the moment?,Noticing and naming the emotion can help you recognize its influence and make a more balanced judgment in the moment.,Identifying what you feel can help you recognize the emotion's influence and make a more balanced judgment.,32
How can simply recognizing what I feel change the way I judge a situation?,Recognizing what you feel helps you understand your current state and how it may be influencing your perception and behavior. That can change how you judge a situation because your emotions may be affecting your view of it.,Identifying what you feel can help you recognize the emotion's influence and make a more balanced judgment.,32
Why is it useful to label your emotions before deciding anything?,You need to know what emotion you’re feeling before you can choose the right response or regulate it effectively.,Identifying what you feel can help you recognize the emotion's influence and make a more balanced judgment.,32
"When I'm tracking an emotional trigger, what details should I write down about when it happened, what caused it, who was there, and how strong it felt?","Record **when the emotion occurred**, **what happened or what caused it**, **who was involved**, and **how intense it was**.","Record when the emotion occurred, what happened, why it happened, who was involved, and how intense the emotion was.",33
What info do I need to note for an emotional trigger so I can understand the moment better?,"Record when the emotion occurred, what happened, why it happened, who was involved, and how intense the emotion was.","Record when the emotion occurred, what happened, why it happened, who was involved, and how intense the emotion was.",33
How should I record an emotional reaction to make it useful for spotting patterns later?,"Record:

- **when** it happened  
- **what occurred before it**  
- **what you thought**  
- **what happened afterward**  
- **how intense it was**  
- **how you behaved**

This makes it easier to spot patterns later.","Record when the emotion occurred, what happened, why it happened, who was involved, and how intense the emotion was.",33
"If I want to track what sets off my emotions, what should I include in the note besides the feeling itself?","Besides the feeling itself, include:

- when the reaction happened
- what occurred before it
- what you thought
- what happened afterward
- how intense it was
- your behavior

","Record when the emotion occurred, what happened, why it happened, who was involved, and how intense the emotion was.",33
"What are the main things to capture about an emotional trigger, like timing, cause, people involved, and intensity?","Record when the emotion occurred, what happened, why it happened, who was involved, and how intense the emotion was.","Record when the emotion occurred, what happened, why it happened, who was involved, and how intense the emotion was.",33
How can an if-then plan help you manage an emotional trigger?,"An if-then plan connects a known trigger with a prepared response, helping you act more intentionally when the trigger appears.","An if-then plan connects a known trigger with a prepared response, helping you act more intentionally when the trigger appears.",34
"What does an if-then plan do when you already know your trigger, and how does it help you respond more intentionally?","An if-then plan connects a known trigger with a prepared response, so when the trigger happens you can act more intentionally instead of reacting automatically.","An if-then plan connects a known trigger with a prepared response, helping you act more intentionally when the trigger appears.",34
Why would pairing a trigger with a prepared response make it easier to handle emotions in the moment?,"Pairing a trigger with a prepared response makes it easier because it gives you a plan to follow automatically when the trigger shows up, so you can act more intentionally instead of reacting impulsively.","An if-then plan connects a known trigger with a prepared response, helping you act more intentionally when the trigger appears.",34
How does having a planned reaction ahead of time change what you do when a trigger shows up?,"A planned reaction helps you respond more intentionally instead of automatically. When the trigger shows up, you already know what to do.","An if-then plan connects a known trigger with a prepared response, helping you act more intentionally when the trigger appears.",34
"In self-awareness, how can a simple if-then setup help you avoid reacting automatically to a trigger?","A simple if-then setup helps by linking a known trigger to a prepared response, so you can act more intentionally instead of reacting automatically.","An if-then plan connects a known trigger with a prepared response, helping you act more intentionally when the trigger appears.",34
What are the three metacognitive steps that can help change an emotional pattern?,"The three metacognitive steps are: **planning what you will do, monitoring the results, and evaluating whether the strategy worked.**","The three steps are planning what you will do, monitoring the results, and evaluating whether the strategy worked.",35
"How do planning, monitoring, and evaluating work together when you’re trying to change how you react emotionally?","Planning, monitoring, and evaluating work as a cycle:

- **Plan** what you will do to change the emotional reaction.
- **Monitor** the results as you try it.
- **Evaluate** whether the strategy worked and decide if you need to adjust it.

Together, they help you intentionally change an emotional pattern instead of reacting automatically.","The three steps are planning what you will do, monitoring the results, and evaluating whether the strategy worked.",35
"What should I do first, second, and last if I want to use metacognition to shift an emotional habit?","First, recognize the emotional habit or trigger.  
Second, understand why you feel that way and decide how to manage its effects.  
Last, choose a prepared response or an if-then plan to shift your behavior intentionally.","The three steps are planning what you will do, monitoring the results, and evaluating whether the strategy worked.",35
Can you explain the three-step process for changing an emotional pattern through metacognition?,"The three-step process is:

1. **Plan what you will do**
2. **Monitor the results**
3. **Evaluate whether the strategy worked**

This metacognitive approach helps you change an emotional pattern by trying a strategy, observing what happens, and then deciding if it was effective.","The three steps are planning what you will do, monitoring the results, and evaluating whether the strategy worked.",35
Which metacognitive steps are used to test whether a strategy for changing emotions actually worked?,The metacognitive steps are **monitoring the results** and **evaluating whether the strategy worked**.,"The three steps are planning what you will do, monitoring the results, and evaluating whether the strategy worked.",35
"How are emotions like waves in the sense that you can’t always stop them from coming up, but you can learn to handle them better?","You can’t always prevent emotions from rising, but you can learn to recognize them, understand why they’re happening, and choose how to respond so you handle them better.","You cannot always prevent emotional waves from appearing, but you can learn how to respond to and navigate them.",36
"What does it mean to say emotional waves can’t always be prevented, but you can still respond to them wisely?","It means you may not be able to stop feelings from coming up, but you can recognize them and choose how to handle them in a thoughtful, healthy way.","You cannot always prevent emotional waves from appearing, but you can learn how to respond to and navigate them.",36
In what way do feelings compare to waves when it comes to dealing with them instead of trying to block them?,"Feelings are like waves in that you can’t always stop them from coming, but you can learn how to respond to and navigate them instead of trying to block them.","You cannot always prevent emotional waves from appearing, but you can learn how to respond to and navigate them.",36
How can someone navigate emotional waves rather than trying to avoid every one of them?,"You can’t always prevent emotional waves from appearing, but you can learn how to respond to them and navigate through them instead of trying to avoid every one.","You cannot always prevent emotional waves from appearing, but you can learn how to respond to and navigate them.",36
"Why do people say emotions are like waves if they show up on their own, but we can still choose how to react?","People say emotions are like waves because you can’t always stop them from rising on their own, but you can learn to respond to them and navigate them once they appear.","You cannot always prevent emotional waves from appearing, but you can learn how to respond to and navigate them.",36
"When something stressful happens and I can't fix it right away, what should I focus on first?","First, try to solve the underlying problem. If you can’t change it right away, then focus on regulating your emotional response.","First, try to solve the underlying problem. If you cannot change it immediately, work on regulating your emotional response.",37
How do I handle stress if the problem itself is still there and I have no quick solution?,"If you can’t solve the problem right away, focus on regulating your emotional response. Emotional self-management means handling distressing emotions so they don’t interfere with what you’re doing.","First, try to solve the underlying problem. If you cannot change it immediately, work on regulating your emotional response.",37
What’s the best thing to do after trying to solve a situation that keeps causing stress?,"If you can’t change the situation immediately, work on regulating your emotional response.","First, try to solve the underlying problem. If you cannot change it immediately, work on regulating your emotional response.",37
"If I can’t change a stressful situation immediately, how should I manage my reaction to it?","If you can’t change it immediately, work on regulating your emotional response.","First, try to solve the underlying problem. If you cannot change it immediately, work on regulating your emotional response.",37
What should I do with my emotions when a stressful problem can’t be solved right away?,"If you can’t solve the stressful problem right away, work on regulating your emotional response.","First, try to solve the underlying problem. If you cannot change it immediately, work on regulating your emotional response.",37
Why can suppressing an emotion be harmful?,Suppression can increase physiological activation and prevent you from understanding or responding to the emotion's message.,Suppression can increase physiological activation and prevent you from understanding or responding to the emotion's message.,38
How does suppressing feelings affect your body and mind?,I don't know.,Suppression can increase physiological activation and prevent you from understanding or responding to the emotion's message.,38
What happens when you block an emotion instead of dealing with it?,"The emotion may decrease in intensity and become easier to manage, even if it does not disappear completely.",Suppression can increase physiological activation and prevent you from understanding or responding to the emotion's message.,38
Why is it important to understand the message behind an emotion?,"It’s important because an emotion carries a message, and understanding that message helps you respond appropriately instead of just reacting or suppressing it.",Suppression can increase physiological activation and prevent you from understanding or responding to the emotion's message.,38
Can pushing emotions away make it harder to respond in a healthy way?,"Yes. If you deny or push away an emotion, you may not be able to intentionally choose a strategy to regulate it, which makes it harder to respond in a healthy way.",Suppression can increase physiological activation and prevent you from understanding or responding to the emotion's message.,38
How is guilt different from shame when it comes to taking responsibility and fixing things?,"Guilt can encourage you to take responsibility and make corrections, while shame can make you feel powerless and want to withdraw instead of fixing things.","Guilt can encourage responsibility and corrective action, while shame can make you feel powerless and want to withdraw.",39
"Why can guilt push someone to act, while shame makes a person feel powerless or want to hide?","Guilt can push someone to act because it encourages responsibility and corrective action. Shame, on the other hand, can make a person feel powerless and want to withdraw or hide.","Guilt can encourage responsibility and corrective action, while shame can make you feel powerless and want to withdraw.",39
What does guilt do that shame usually does not in terms of correcting a mistake?,Guilt can encourage **responsibility and corrective action**.,"Guilt can encourage responsibility and corrective action, while shame can make you feel powerless and want to withdraw.",39
"In what way does shame lead people to withdraw, compared with guilt?","Shame can make you feel powerless and want to withdraw, while guilt tends to encourage responsibility and corrective action.","Guilt can encourage responsibility and corrective action, while shame can make you feel powerless and want to withdraw.",39
"Can guilt be helpful, and can shame make you feel stuck or powerless?","Yes. Guilt can encourage responsibility and corrective action, while shame can make you feel powerless and want to withdraw.","Guilt can encourage responsibility and corrective action, while shame can make you feel powerless and want to withdraw.",39
Why do I need to understand myself first if I want to change my habits or behavior?,You need to understand yourself first because you can’t effectively control or change a behavior you don’t recognize or understand.,You cannot effectively control or change a behavior that you do not recognize or understand.,40
How can I change something about my behavior if I don't even recognize it clearly?,You cannot effectively control or change a behavior that you do not recognize or understand.,You cannot effectively control or change a behavior that you do not recognize or understand.,40
Is it true that you can't really control a behavior unless you understand it first?,Yes. The context says you cannot effectively control or change a behavior that you do not recognize or understand.,You cannot effectively control or change a behavior that you do not recognize or understand.,40
Why is self-awareness so important before trying to improve your actions?,Self-awareness is important because you need to recognize and understand your emotions before you can manage them effectively.,You cannot effectively control or change a behavior that you do not recognize or understand.,40
Can I actually change my behavior without fully understanding what I'm doing now?,No. The context says you must understand or recognize a behavior before you can effectively control or change it.,You cannot effectively control or change a behavior that you do not recognize or understand.,40
What does knowing yourself actually involve besides just thinking about who you are?,"Knowing yourself involves investigating your emotions, thoughts, motives, values, strengths, weaknesses, and behavior.","Knowing yourself means investigating your emotions, thoughts, motives, values, strengths, weaknesses, and behavior.",41
"When people talk about self-knowledge, what parts of a person are they usually looking at?",I don't know.,"Knowing yourself means investigating your emotions, thoughts, motives, values, strengths, weaknesses, and behavior.",41
"How can I tell if I really understand my own emotions, motives, and values?","Knowing yourself means investigating your emotions, thoughts, motives, values, strengths, weaknesses, and behavior.","Knowing yourself means investigating your emotions, thoughts, motives, values, strengths, weaknesses, and behavior.",41
What does it mean to be aware of your strengths and weaknesses in everyday life?,"Being aware of your strengths and weaknesses means understanding your own abilities and limits as part of knowing yourself. In everyday life, this helps you manage yourself better and make choices that fit your strengths while improving weaker areas.","Knowing yourself means investigating your emotions, thoughts, motives, values, strengths, weaknesses, and behavior.",41
"Why is it important to look at your thoughts, feelings, and behavior when trying to know yourself?","It’s important because you can’t effectively control or change a behavior you do not recognize or understand. Looking at your thoughts, feelings, and behavior helps you understand yourself and notice what may need to change.","Knowing yourself means investigating your emotions, thoughts, motives, values, strengths, weaknesses, and behavior.",41
"How can repeatedly asking yourself why you think, feel, or act a certain way help with self-awareness?","Repeatedly asking why you think, feel, or act a certain way can help you uncover the motives behind your behavior.","Repeatedly asking why you think, feel, or act in a certain way can help you uncover the motives behind your behavior.",42
What does it mean to keep questioning your own thoughts and feelings when trying to understand yourself better?,"It means examining your emotions, thoughts, motives, values, strengths, weaknesses, and behavior to better understand yourself.","Repeatedly asking why you think, feel, or act in a certain way can help you uncover the motives behind your behavior.",42
Why does asking yourself the same self-reflective questions again and again reveal hidden motives?,"Repeatedly asking yourself why you think, feel, or act a certain way can help you uncover the motives behind your behavior.","Repeatedly asking why you think, feel, or act in a certain way can help you uncover the motives behind your behavior.",42
How can repeated self-questioning uncover the reasons behind your behavior?,"Repeatedly asking why you think, feel, or act in a certain way can help you uncover the motives behind your behavior.","Repeatedly asking why you think, feel, or act in a certain way can help you uncover the motives behind your behavior.",42
In what way does asking why you behave a certain way help you understand your motives?,Asking why you behave a certain way helps you uncover the motives behind your behavior.,"Repeatedly asking why you think, feel, or act in a certain way can help you uncover the motives behind your behavior.",42
Why do you have to notice that a behavior is harmful before you can really change it?,"If you don’t recognize that a behavior is harmful, you’re unlikely to take action to change it.","If you do not recognize that the behavior is harmful, you are unlikely to take action to change it.",43
What happens if someone never realizes their behavior is causing harm?,"If someone never realizes their behavior is causing harm, they are unlikely to take action to change it.","If you do not recognize that the behavior is harmful, you are unlikely to take action to change it.",43
Is it possible to change a bad habit without first recognizing it as harmful?,"No. If you do not recognize that the behavior is harmful, you are unlikely to take action to change it.","If you do not recognize that the behavior is harmful, you are unlikely to take action to change it.",43
Why does awareness of a harmful action matter so much for making changes?,"If you do not recognize that a behavior is harmful, you are unlikely to take action to change it.","If you do not recognize that the behavior is harmful, you are unlikely to take action to change it.",43
What makes people less likely to act on a behavior if they don't see it as harmful?,"If you do not recognize that the behavior is harmful, you are unlikely to take action to change it.","If you do not recognize that the behavior is harmful, you are unlikely to take action to change it.",43
What can I ask myself to figure out what causes my stress the most?,"Ask yourself: **what causes you the most stress, which people trigger it, and at what times or in which situations it occurs.**","Ask what causes you the most stress, which people trigger it, and at what times or in which situations it occurs.",44
How do I tell which people tend to trigger my stress?,"Ask yourself: **which people trigger your stress**, and note **when or in what situations** it happens. This can help you spot patterns.","Ask what causes you the most stress, which people trigger it, and at what times or in which situations it occurs.",44
What questions help me notice the times when my stress shows up?,"Ask what causes you the most stress, which people trigger it, and at what times or in which situations it occurs.","Ask what causes you the most stress, which people trigger it, and at what times or in which situations it occurs.",44
How can I identify the situations where I usually feel stressed?,"Repeatedly asking yourself why you think, feel, or act in certain ways can help you uncover the motives behind your behavior and identify situations that usually make you feel stressed.","Ask what causes you the most stress, which people trigger it, and at what times or in which situations it occurs.",44
What are some good questions to understand my stress patterns better?,"Ask:

- What causes me the most stress?
- Which people trigger my stress?
- At what times does my stress happen?
- In which situations do I feel the most stressed?","Ask what causes you the most stress, which people trigger it, and at what times or in which situations it occurs.",44
How does recognizing your emotions help strengthen self-awareness in daily life?,Recognizing your emotions helps you understand your current state and how it may be influencing your perception and behavior.,Recognizing your emotions helps you understand your current state and how it may be influencing your perception and behavior.,45
In what way does understanding your current emotional state affect how you see things and act?,Understanding your current emotional state helps you see how it may be influencing your perception and behavior.,Recognizing your emotions helps you understand your current state and how it may be influencing your perception and behavior.,45
Why is it important to notice your feelings if you want to improve self-awareness?,It’s important because you have to recognize and understand an emotion before you can manage it effectively.,Recognizing your emotions helps you understand your current state and how it may be influencing your perception and behavior.,45
How can being aware of your emotions change your perception and behavior?,Being aware of your emotions helps you understand your current state and how it may be influencing your perception and behavior.,Recognizing your emotions helps you understand your current state and how it may be influencing your perception and behavior.,45
What does it mean for self-awareness when you understand your current mood and its influence?,It means recognizing your current mood and understanding how it may be affecting your perception and behavior.,Recognizing your emotions helps you understand your current state and how it may be influencing your perception and behavior.,45
Why is it so hard to handle irritation if I keep telling myself I’m not irritated?,"If you deny that you’re irritated, you can’t intentionally choose a strategy to regulate the irritation.","If you deny that you are irritated, you cannot intentionally choose a strategy to regulate the irritation.",46
What makes regulating irritation difficult when someone refuses to admit they feel it?,"If someone refuses to admit they feel irritated, they can’t intentionally choose a strategy to regulate that irritation.","If you deny that you are irritated, you cannot intentionally choose a strategy to regulate the irritation.",46
"If I deny being irritated, why can’t I just pick a way to calm it down?","If you deny that you’re irritated, you can’t intentionally choose a strategy to regulate it.","If you deny that you are irritated, you cannot intentionally choose a strategy to regulate the irritation.",46
How does not acknowledging irritation get in the way of managing it on purpose?,"If you don’t acknowledge that you’re irritated, you can’t intentionally choose a strategy to regulate the irritation.","If you deny that you are irritated, you cannot intentionally choose a strategy to regulate the irritation.",46
Why do I lose the ability to control irritation when I pretend it isn’t there?,"If you pretend irritation isn’t there, you can’t intentionally choose a strategy to regulate it.","If you deny that you are irritated, you cannot intentionally choose a strategy to regulate the irritation.",46
Can emotions change the way you decide things even if you think you're being objective?,Yes. Emotions can alter your perception and decisions even when you believe your judgment is objective.,Yes. Emotions can alter your perception and decisions even when you believe that your judgment is objective.,47
Is it possible for feelings to affect your judgment without you noticing it?,Yes. Emotions can affect your perception and decisions even when you think your judgment is objective.,Yes. Emotions can alter your perception and decisions even when you believe that your judgment is objective.,47
Do emotions influence perception and choices before you become aware of it?,Yes. Emotions can alter your perception and decisions even when you believe your judgment is objective.,Yes. Emotions can alter your perception and decisions even when you believe that your judgment is objective.,47
Can your decisions be swayed by emotions even when you believe you're thinking clearly?,Yes. Emotions can alter your perception and decisions even when you believe your judgment is objective.,Yes. Emotions can alter your perception and decisions even when you believe that your judgment is objective.,47
Does being unaware of your emotions mean they can't shape what you decide?,No. Emotions can alter your perception and decisions even when you believe your judgment is objective.,Yes. Emotions can alter your perception and decisions even when you believe that your judgment is objective.,47
How does naming an emotion help you make a better decision or judge a situation more clearly?,"Naming an emotion helps you recognize how it may be influencing your judgment, so you can evaluate the situation more consistently and make a more balanced decision.",Identifying the emotion helps you notice its possible influence and evaluate the situation more consistently.,48
Why would spotting what you’re feeling make your decisions more consistent?,"Spotting what you’re feeling helps you notice how emotions may be influencing your judgment and choices, which can make your decisions more consistent.",Identifying the emotion helps you notice its possible influence and evaluate the situation more consistently.,48
What’s the benefit of identifying an emotion before deciding something important?,"Identifying an emotion first helps you notice how it may be influencing your thinking, so you can evaluate the situation more consistently before making an important decision.",Identifying the emotion helps you notice its possible influence and evaluate the situation more consistently.,48
How can recognizing your emotion stop it from affecting your choice too much?,"Recognizing your emotion helps you understand how it may be influencing your judgment and choices, so you can account for it instead of letting it affect your decision too much.",Identifying the emotion helps you notice its possible influence and evaluate the situation more consistently.,48
In what way does understanding your own emotion improve the quality of a decision?,Understanding your own emotion helps you notice its possible influence and evaluate the situation more consistently.,Identifying the emotion helps you notice its possible influence and evaluate the situation more consistently.,48
Why is it a good idea to practice emotional skills before a crisis happens?,Practicing emotional skills before a crisis happens helps you recognize emotional patterns ahead of time so you can respond more effectively when a difficult or intense situation occurs.,Practicing in advance helps you recognize emotional patterns and respond more effectively when an intense situation occurs.,49
How does preparing ahead of time help you notice your emotional patterns in a stressful moment?,"Preparing ahead of time helps you identify what usually causes your stress, who triggers it, and when or in what situations it tends to happen. That makes it easier to notice your emotional patterns in the moment.",Practicing in advance helps you recognize emotional patterns and respond more effectively when an intense situation occurs.,49
What makes it easier to respond well when an intense situation shows up later?,Practicing emotional skills in advance helps you recognize emotional patterns and respond more effectively when an intense situation occurs.,Practicing in advance helps you recognize emotional patterns and respond more effectively when an intense situation occurs.,49
Why would practicing emotional skills early make you handle hard situations more effectively?,Practicing emotional skills early helps you recognize emotional patterns and respond more effectively when intense or hard situations happen.,Practicing in advance helps you recognize emotional patterns and respond more effectively when an intense situation occurs.,49
How does training yourself before a crisis improve your reaction when emotions get strong?,"Training yourself before a crisis helps you build awareness of your emotions, thoughts, motives, and behavior ahead of time. Then, when emotions get strong, you’re better able to recognize what’s happening inside you and avoid being unconsciously driven by those emotions.",Practicing in advance helps you recognize emotional patterns and respond more effectively when an intense situation occurs.,49
Why does understanding your personal values matter so much for the choices you make?,"Your values guide your choices, so understanding them helps you make decisions that align with what matters to you. If you ignore your values, it can lead to dissatisfaction without being obvious why.","Your values guide your choices, and ignoring them can create dissatisfaction without making its cause immediately clear.",50
How can ignoring your values leave you feeling unhappy without knowing why?,"Ignoring your values can make you feel dissatisfied or unhappy because your values guide your choices, and when they’re not honored, the discomfort may show up without the cause being immediately obvious.","Your values guide your choices, and ignoring them can create dissatisfaction without making its cause immediately clear.",50
What role do your values play in guiding everyday decisions?,Your values guide your choices and help shape everyday decisions.,"Your values guide your choices, and ignoring them can create dissatisfaction without making its cause immediately clear.",50
Can not paying attention to your values cause dissatisfaction that feels hard to explain?,Yes. Ignoring your values can create dissatisfaction that may be hard to identify right away.,"Your values guide your choices, and ignoring them can create dissatisfaction without making its cause immediately clear.",50
Why might someone feel off or unfulfilled if they go against their own values?,"Your values guide your choices, and ignoring them can create dissatisfaction without making its cause immediately clear.","Your values guide your choices, and ignoring them can create dissatisfaction without making its cause immediately clear.",50
How can a lack of challenge make someone feel dissatisfied in everyday life?,"If challenge is one of your central values, repetitive work and a lack of stimulating activities may leave you feeling dissatisfied.","If challenge is one of your central values, repetitive work and a lack of stimulating activities may leave you feeling dissatisfied.",51
Why do repetitive tasks often lead to feeling unsatisfied when challenge matters a lot?,"If challenge is one of your central values, repetitive work and a lack of stimulating activities may leave you feeling dissatisfied.","If challenge is one of your central values, repetitive work and a lack of stimulating activities may leave you feeling dissatisfied.",51
"If challenge is one of your main values, why would boring work feel so frustrating?","If challenge is one of your central values, boring or repetitive work can feel frustrating because it lacks stimulating activities, which can leave you feeling dissatisfied.","If challenge is one of your central values, repetitive work and a lack of stimulating activities may leave you feeling dissatisfied.",51
What happens when a person who values challenge gets stuck doing the same thing over and over?,"If challenge is one of your central values, repetitive work and a lack of stimulating activities may leave you feeling dissatisfied.","If challenge is one of your central values, repetitive work and a lack of stimulating activities may leave you feeling dissatisfied.",51
How does not having enough stimulating activities affect satisfaction for people who need challenge?,"If challenge is one of your central values, not having enough stimulating activities can leave you feeling dissatisfied.","If challenge is one of your central values, repetitive work and a lack of stimulating activities may leave you feeling dissatisfied.",51
What three areas should I look at if I want to build self-awareness?,"You should look at:

1. Your feelings, thoughts, and actions  
2. How other people perceive you  
3. Your strengths and challenges","Examine your feelings, thoughts, and actions; how other people perceive you; and your strengths and challenges.",52
"When trying to understand yourself better, what should you examine about your feelings, thoughts, and actions?","Examine your feelings, thoughts, and actions.","Examine your feelings, thoughts, and actions; how other people perceive you; and your strengths and challenges.",52
How can other people’s perceptions help me become more self-aware?,Other people’s perceptions can help you become more self-aware by showing you behaviors and effects you might miss because of your own blind spots. They also help you understand how other people perceive you.,"Examine your feelings, thoughts, and actions; how other people perceive you; and your strengths and challenges.",52
What should I pay attention to in order to recognize my strengths and challenges?,"Examine your feelings, thoughts, and actions; how other people perceive you; and your strengths and challenges.","Examine your feelings, thoughts, and actions; how other people perceive you; and your strengths and challenges.",52
What are the main areas to focus on when developing self-awareness?,"The main areas to focus on are:

- **Private self-awareness**: understanding your internal experience
- **Public self-awareness**: understanding how other people perceive you","Examine your feelings, thoughts, and actions; how other people perceive you; and your strengths and challenges.",52
What should I write down in an emotional reaction log after I react strongly to something?,"Write down:
- when the reaction happened
- what occurred before it
- what you thought
- what happened afterward
- how intense it was
- how you behaved","Record when the reaction happened, what occurred before it, what you thought, what happened afterward, its intensity, and your behavior.",53
"In a reaction log, what details are most important to capture about the moment before and after the emotion?","In a reaction log, the most important details about the moment before and after the emotion are:

- **What occurred before it**
- **What happened afterward**

You should also note **when the reaction happened, what you thought, its intensity, and your behavior**.","Record when the reaction happened, what occurred before it, what you thought, what happened afterward, its intensity, and your behavior.",53
How can I track the intensity of an emotional response and my behavior in a simple log?,"You can keep a simple emotional reaction log by noting:

- **When** the reaction happened
- **What happened before** it
- **What you thought**
- **What happened afterward**
- **The intensity** of the emotion
- **Your behavior**

For example:

**Time:** 3:00 PM  
**Before:** Got critical feedback  
**Thought:** “I messed up”  
**Intensity:** 8/10  
**Behavior:** Stayed quiet and left the room  
**Afterward:** Felt upset for 20 minutes","Record when the reaction happened, what occurred before it, what you thought, what happened afterward, its intensity, and your behavior.",53
"What should be noted about what happened, what I thought, and what I did after an emotional reaction?","You should note what happened afterward, what you thought, and your behavior.","Record when the reaction happened, what occurred before it, what you thought, what happened afterward, its intensity, and your behavior.",53
"If I want to understand my emotional triggers better, what information belongs in a log entry?","Record when the reaction happened, what occurred before it, what you thought, what happened afterward, its intensity, and your behavior.","Record when the reaction happened, what occurred before it, what you thought, what happened afterward, its intensity, and your behavior.",53
How does low glucose change the way you handle your emotions when you're hungry?,I don't know.,Lower glucose levels can make emotional regulation more difficult and may increase the intensity of your reactions.,54
Can being hungry make emotional reactions stronger or harder to control?,Yes. Lower glucose levels from hunger can make emotional regulation more difficult and may increase the intensity of your reactions.,Lower glucose levels can make emotional regulation more difficult and may increase the intensity of your reactions.,54
Why does a drop in glucose affect emotional regulation?,"Lower glucose levels can make emotional regulation more difficult, which may increase the intensity of your reactions.",Lower glucose levels can make emotional regulation more difficult and may increase the intensity of your reactions.,54
Does low blood sugar make it tougher to stay calm in emotional situations?,I don't know.,Lower glucose levels can make emotional regulation more difficult and may increase the intensity of your reactions.,54
What happens to your reactions when hunger lowers glucose levels?,Lower glucose levels can make emotional regulation more difficult and may increase the intensity of your reactions.,Lower glucose levels can make emotional regulation more difficult and may increase the intensity of your reactions.,54
Why can feedback from other people help me understand myself better when I have blind spots?,Other people can see behaviors and effects that you may miss because of your personal blind spots. Their feedback can reveal those hidden patterns and help you understand yourself more clearly.,Other people may notice behaviors and effects that you cannot see because of your personal blind spots.,55
What makes other people notice things about my behavior that I might miss on my own?,Other people may notice behaviors and effects that you cannot see because of your personal blind spots.,Other people may notice behaviors and effects that you cannot see because of your personal blind spots.,55
How does outside feedback improve self-awareness if my own view of myself is limited?,Other people can notice behaviors and effects that you can’t see because of your personal blind spots. Their feedback helps fill in those gaps and gives you a more complete picture of yourself.,Other people may notice behaviors and effects that you cannot see because of your personal blind spots.,55
Why do personal blind spots make other people's observations useful for knowing yourself?,"Because personal blind spots can hide behaviors and effects from you that other people can see. Their observations help reveal things introspection might miss, making self-awareness more complete.",Other people may notice behaviors and effects that you cannot see because of your personal blind spots.,55
Can other people's comments reveal behaviors and effects I can’t easily see myself?,Yes. Other people may notice behaviors and effects that you cannot see because of your personal blind spots.,Other people may notice behaviors and effects that you cannot see because of your personal blind spots.,55
What’s the difference between private self-awareness and public self-awareness?,"Private self-awareness is understanding your internal experience, while public self-awareness is understanding how other people perceive you.","Private self-awareness is understanding your internal experience, while public self-awareness is understanding how other people perceive you.",56
How is private self-awareness different from public self-awareness in everyday life?,"Private self-awareness is understanding your internal experience, while public self-awareness is understanding how other people perceive you.","Private self-awareness is understanding your internal experience, while public self-awareness is understanding how other people perceive you.",56
Can you explain private self-awareness vs public self-awareness in simple terms?,"Private self-awareness means understanding your own inner experience, like your thoughts and feelings. Public self-awareness means understanding how other people see or perceive you.","Private self-awareness is understanding your internal experience, while public self-awareness is understanding how other people perceive you.",56
What does it mean to be privately self-aware compared with being publicly self-aware?,I don't know.,"Private self-awareness is understanding your internal experience, while public self-awareness is understanding how other people perceive you.",56
How do internal experience and other people’s perception relate to private and public self-awareness?,"Private self-awareness is understanding your internal experience, like your thoughts and feelings, while public self-awareness is understanding how other people perceive you.","Private self-awareness is understanding your internal experience, while public self-awareness is understanding how other people perceive you.",56
Why isn’t introspection by itself enough to fully know yourself?,Introspection by itself isn’t enough because it may not reveal your personal blind spots—things that other people who interact with you regularly can see more clearly.,Introspection may not reveal personal blind spots that are visible to the people who regularly interact with you.,57
What does introspection miss when it comes to self-awareness?,Introspection may miss **personal blind spots that other people who interact with you can see**.,Introspection may not reveal personal blind spots that are visible to the people who regularly interact with you.,57
Why can other people sometimes see things about you that you don’t notice yourself?,Other people can notice behaviors and effects that you may miss because of your personal blind spots.,Introspection may not reveal personal blind spots that are visible to the people who regularly interact with you.,57
"Can you be self-aware just by reflecting on your own thoughts, or do you need outside feedback too?",I don’t know.,Introspection may not reveal personal blind spots that are visible to the people who regularly interact with you.,57
"What are personal blind spots, and why don’t you usually catch them on your own?","Personal blind spots are behaviors or effects about yourself that you can’t easily see. You usually don’t catch them on your own because introspection alone may not reveal them, while other people who regularly interact with you may notice them more clearly.",Introspection may not reveal personal blind spots that are visible to the people who regularly interact with you.,57
How can watching a recording of yourself help improve self-awareness?,"Watching a recording of yourself can help improve self-awareness by revealing gestures, posture, tone, and speaking habits that you may not realize you have.","Watching a recording can reveal gestures, posture, tone, and speaking habits that you did not realize you had.",58
What kinds of habits or signals can a self-recording reveal that you might not notice in the moment?,"A self-recording can reveal your gestures, posture, tone, and speaking habits that you might not notice in the moment.","Watching a recording can reveal gestures, posture, tone, and speaking habits that you did not realize you had.",58
"Why would seeing yourself on video make you more aware of your gestures, posture, or tone?","Watching yourself on video can reveal gestures, posture, tone, and speaking habits that you did not realize you had.","Watching a recording can reveal gestures, posture, tone, and speaking habits that you did not realize you had.",58
How does recording your own behavior help you spot speaking habits you were unaware of?,Watching a recording can reveal speaking habits you did not realize you had.,"Watching a recording can reveal gestures, posture, tone, and speaking habits that you did not realize you had.",58
In what ways can reviewing a video of yourself make hidden patterns in your behavior easier to notice?,"Reviewing a video of yourself can make hidden patterns easier to notice by letting you observe your own behavior more objectively. It can help you spot recurring emotions, reactions, habits, and ways you respond in certain situations that you might not realize in the moment.","Watching a recording can reveal gestures, posture, tone, and speaking habits that you did not realize you had.",58
How can the stories I tell myself end up limiting self-awareness?,"You may create explanations that protect your self-image, such as describing aggressive or inappropriate behavior as honesty or assertiveness.","You may create explanations that protect your self-image, such as describing aggressive or inappropriate behavior as honesty or assertiveness.",59
Why do people sometimes describe aggressive or inappropriate behavior as honesty or assertiveness?,"People sometimes do this to protect their self-image. They create explanations that make the behavior seem more acceptable, such as calling aggressive or inappropriate behavior “honesty” or “assertiveness.”","You may create explanations that protect your self-image, such as describing aggressive or inappropriate behavior as honesty or assertiveness.",59
In what ways can self-image make us explain our behavior in a biased way?,I don't know.,"You may create explanations that protect your self-image, such as describing aggressive or inappropriate behavior as honesty or assertiveness.",59
How do the explanations we create about ourselves get in the way of being self-aware?,"We may create explanations that protect our self-image, which can prevent us from seeing our behavior clearly. For example, we might call aggressive or inappropriate behavior “honesty” or “assertiveness” instead of recognizing it for what it is.","You may create explanations that protect your self-image, such as describing aggressive or inappropriate behavior as honesty or assertiveness.",59
Can telling yourself a certain story about your behavior protect your self-image but hide the truth?,"Yes. You may create explanations that protect your self-image, such as describing aggressive or inappropriate behavior as honesty or assertiveness, which can hide the truth.","You may create explanations that protect your self-image, such as describing aggressive or inappropriate behavior as honesty or assertiveness.",59
How does emotional intelligence affect the way I manage myself and deal with other people in everyday life?,Emotional intelligence affects how effectively you manage yourself and interact with other people.,Emotional intelligence affects how effectively you manage yourself and interact with other people.,60
In what ways is emotional intelligence connected to daily interactions and personal self-control?,"Emotional intelligence is connected to daily interactions because it affects how effectively you manage yourself and interact with other people. It is also linked to personal self-control through emotional self-management, which is the ability to handle distressing emotions effectively so they do not interfere with what you are doing.",Emotional intelligence affects how effectively you manage yourself and interact with other people.,60
Why does emotional intelligence matter for handling myself and getting along with others?,Emotional intelligence matters because it affects how effectively you manage yourself and interact with other people. It helps you handle your emotions and relationships better.,Emotional intelligence affects how effectively you manage yourself and interact with other people.,60
How can emotional intelligence influence both self-management and relationships with people?,"Emotional intelligence affects how effectively you manage yourself and interact with other people. It supports emotional self-management by helping you handle distressing emotions so they do not interfere with what you are doing, and it improves relationships by helping you interact skillfully with others.",Emotional intelligence affects how effectively you manage yourself and interact with other people.,60
What role does emotional intelligence play in everyday life when it comes to self-awareness and interaction with others?,"Emotional intelligence helps you recognize, understand, and manage your own emotions, while also recognizing, understanding, and influencing the emotions of others. In everyday life, it affects how effectively you manage yourself and interact with other people.",Emotional intelligence affects how effectively you manage yourself and interact with other people.,60
What two questions can help you practice self-awareness?,Ask yourself **what you are feeling** and **why you are feeling it**.,Ask yourself what you are feeling and why you are feeling it.,61
How can I start being more self-aware with simple questions?,"You can start with two simple questions:

- **What am I feeling?**
- **Why am I feeling it?**

You can also ask yourself:
- **Why do I feel afraid, guilty, sad, angry, or irritated?**
- **What may have caused this emotion?**",Ask yourself what you are feeling and why you are feeling it.,61
What should I ask myself to understand my feelings better?,"Ask yourself about your **feelings, thoughts, and actions**. Also, pay attention to **distressing or difficult emotions**, since they may have an important function and teach you something.",Ask yourself what you are feeling and why you are feeling it.,61
What questions help me figure out why I feel a certain way?,"Ask yourself what you are feeling and why you are feeling it. You can also ask why you feel afraid, guilty, sad, angry, or irritated, and what may have caused that emotion.",Ask yourself what you are feeling and why you are feeling it.,61
How do I check in with myself and notice what I'm feeling and why?,Check in with yourself by asking two questions: **What am I feeling?** and **Why am I feeling it?** This helps you recognize your feelings and understand what’s behind them.,Ask yourself what you are feeling and why you are feeling it.,61
What abilities can develop from greater self-awareness?,"Greater self-awareness can support good intuition, better decision-making, and a stronger moral compass.","Greater self-awareness can support good intuition, better decision-making, and a stronger moral compass.",62
How can being more self-aware help with intuition and decisions?,Being more self-aware helps by letting you recognize your emotions and understand why you’re feeling them. That gives you useful internal information that can support your intuition and helps you see how your feelings may be influencing your judgment and choices.,"Greater self-awareness can support good intuition, better decision-making, and a stronger moral compass.",62
Does self-awareness have anything to do with having a stronger moral compass?,"Yes. According to the context, greater self-awareness can support a stronger moral compass.","Greater self-awareness can support good intuition, better decision-making, and a stronger moral compass.",62
What benefits can you get from increasing your self-awareness?,"Increasing your self-awareness can support **good intuition, better decision-making, and a stronger moral compass**.","Greater self-awareness can support good intuition, better decision-making, and a stronger moral compass.",62
In what ways can self-awareness improve the way you choose and judge things?,"Self-awareness can improve the way you choose and judge things by helping you understand your emotions and why you feel them. That gives you useful internal information, which can support better intuition and decision-making.","Greater self-awareness can support good intuition, better decision-making, and a stronger moral compass.",62
What is the main goal of managing distressing emotions so they don’t take over?,The main goal is to keep distressing emotions from overwhelming you or interfering with what you need to do.,The goal is to keep distressing emotions from overwhelming you or interfering with what you need to do.,63
Why is it important to keep upsetting emotions from overwhelming you?,It’s important because the goal is to keep distressing emotions from overwhelming you or interfering with what you need to do.,The goal is to keep distressing emotions from overwhelming you or interfering with what you need to do.,63
How does managing distressing feelings help you stay focused on what you need to do?,Managing distressing feelings helps keep them from overwhelming you or interfering with what you need to do.,The goal is to keep distressing emotions from overwhelming you or interfering with what you need to do.,63
What are you trying to prevent when you manage distressing emotions?,To keep distressing emotions from overwhelming you or interfering with what you need to do.,The goal is to keep distressing emotions from overwhelming you or interfering with what you need to do.,63
"In self-awareness, why should distressing emotions not interfere with your actions?",Distressing emotions should not interfere with your actions because the goal of emotional self-management is to keep them from overwhelming you or getting in the way of what you need to do.,The goal is to keep distressing emotions from overwhelming you or interfering with what you need to do.,63
Why should you pay attention to difficult emotions instead of pushing them away?,Because difficult emotions have a function and may contain lessons you need to understand.,Difficult emotions have functions and may contain lessons that you need to understand.,64
What is the point of staying attentive when you feel hard emotions?,Difficult emotions have functions and may contain lessons that you need to understand.,Difficult emotions have functions and may contain lessons that you need to understand.,64
How can difficult emotions actually help you understand yourself better?,Difficult emotions can help you understand yourself better because they have functions and may contain lessons you need to understand.,Difficult emotions have functions and may contain lessons that you need to understand.,64
Do difficult emotions have any purpose or lesson behind them?,Yes. Difficult emotions can have functions and may contain lessons that you need to understand.,Difficult emotions have functions and may contain lessons that you need to understand.,64
Why is it worth noticing painful emotions instead of ignoring them?,It’s worth noticing painful emotions because you can’t manage them effectively if you ignore or deny them. Recognizing them helps you choose a strategy to regulate them before they overwhelm you or interfere with what you need to do.,Difficult emotions have functions and may contain lessons that you need to understand.,64
How do positive emotions help you take effective action and stay engaged?,"Positive emotions can increase your involvement, enthusiasm, and motivation, which helps you take effective action and stay engaged.",Positive emotions can increase your involvement and enthusiasm and help you align your actions with your passions.,65
In what way can positive feelings make you more enthusiastic when you’re trying to act on something important?,"Positive emotions can help you become involved, motivated, and enthusiastic about what you are doing.",Positive emotions can increase your involvement and enthusiasm and help you align your actions with your passions.,65
Can positive emotions help you line up your actions with what you’re passionate about? How does that work?,"Yes. Positive emotions can increase your involvement, motivation, and enthusiasm, which helps you connect your actions with the interests and purposes that genuinely motivate you. In other words, they make it easier to act in ways that match your passions.",Positive emotions can increase your involvement and enthusiasm and help you align your actions with your passions.,65
Why do positive emotions make it easier to get involved and follow through on your goals?,"Positive emotions can help you become more involved, motivated, and enthusiastic about what you are doing, which makes it easier to follow through on your goals.",Positive emotions can increase your involvement and enthusiasm and help you align your actions with your passions.,65
How can I use positive emotions to act more effectively and do what matters to me?,"Positive emotions can help you become more involved, motivated, and enthusiastic about what you’re doing. They can also increase your involvement and enthusiasm and help you align your actions with your passions, so you can act more effectively and do what matters to you.",Positive emotions can increase your involvement and enthusiasm and help you align your actions with your passions.,65
What is the difference between self-awareness and empathy?,"Self-awareness involves recognizing your own feelings, while empathy involves recognizing what another person is feeling.","Self-awareness involves recognizing your own feelings, while empathy involves recognizing what another person is feeling.",66
How is self-awareness different from empathy when it comes to noticing feelings?,"Self-awareness means noticing your own feelings, while empathy means noticing what another person is feeling.","Self-awareness involves recognizing your own feelings, while empathy involves recognizing what another person is feeling.",66
Does self-awareness mean recognizing your own feelings rather than someone else’s?,"Yes. Self-awareness involves recognizing your own feelings, while recognizing someone else’s feelings is empathy.","Self-awareness involves recognizing your own feelings, while empathy involves recognizing what another person is feeling.",66
"Is empathy about understanding another person’s feelings, while self-awareness is about your own?","Yes. Empathy is about recognizing and understanding what another person is feeling, while self-awareness is about recognizing your own feelings.","Self-awareness involves recognizing your own feelings, while empathy involves recognizing what another person is feeling.",66
Can you explain the contrast between being aware of your feelings and being aware of someone else’s feelings?,"Being aware of your feelings is **self-awareness**: recognizing what **you** feel and why.  
Being aware of someone else’s feelings is **empathy**: recognizing what **another person** feels.","Self-awareness involves recognizing your own feelings, while empathy involves recognizing what another person is feeling.",66
What abilities help with skilled relationship management?,"Self-awareness, emotional self-management, empathy, and social skills.","Self-awareness, emotional self-management, empathy, and social skills contribute to skilled relationship management.",67
Which skills are important for managing relationships well?,"Repeatedly practicing **self-awareness, self-management, empathy, and social skills** can help manage relationships well.","Self-awareness, emotional self-management, empathy, and social skills contribute to skilled relationship management.",67
What contributes to being good at relationship management?,"Self-awareness, emotional self-management, empathy, and social skills contribute to being good at relationship management.","Self-awareness, emotional self-management, empathy, and social skills contribute to skilled relationship management.",67
Which abilities are needed to handle relationships skillfully?,"Self-awareness, emotional self-management, empathy, and social skills.","Self-awareness, emotional self-management, empathy, and social skills contribute to skilled relationship management.",67
What traits make relationship management more effective?,"Self-awareness, emotional self-management, empathy, and social skills make relationship management more effective.","Self-awareness, emotional self-management, empathy, and social skills contribute to skilled relationship management.",67
How does repeated emotional practice change your brain over time?,"Because the brain is neuroplastic, repeated emotional experiences and practice can shape the brain over time and strengthen emotional and social skills.","Because the brain is neuroplastic, repeated experiences can shape the brain and strengthen emotional and social skills.",68
Why can doing the same emotional exercises again and again make you better at social skills?,"Repeated practice can help you develop strengths in the emotional areas you need, which can improve your social skills over time.","Because the brain is neuroplastic, repeated experiences can shape the brain and strengthen emotional and social skills.",68
What does it mean that the brain is neuroplastic when it comes to emotions?,"Because the brain is neuroplastic, repeated emotional experiences and practice can shape the brain, strengthening emotional and social skills.","Because the brain is neuroplastic, repeated experiences can shape the brain and strengthen emotional and social skills.",68
Can repeated experiences actually shape the brain and strengthen emotional skills?,"Yes. Because the brain is neuroplastic, repeated experiences can shape the brain and strengthen emotional and social skills.","Because the brain is neuroplastic, repeated experiences can shape the brain and strengthen emotional and social skills.",68
How does practice with emotions help build stronger social abilities in the brain?,"Because the brain is neuroplastic, repeated emotional practice can shape the brain and strengthen emotional and social skills.","Because the brain is neuroplastic, repeated experiences can shape the brain and strengthen emotional and social skills.",68
"Which emotional skills should kids be practicing regularly, according to the video?","Kids should be practicing **self-awareness, self-management, empathy, and social skills** regularly.","Children should systematically practice self-awareness, self-management, empathy, and social skills.",69
What abilities do children need to work on in a structured way for emotional development?,"Children should work on **self-awareness, self-management, empathy, and social skills** in a structured way for emotional development.","Children should systematically practice self-awareness, self-management, empathy, and social skills.",69
"Besides self-awareness, what other social-emotional skills should children practice systematically?","Children should also practice **self-management, empathy, and social skills** systematically.","Children should systematically practice self-awareness, self-management, empathy, and social skills.",69
What four emotional competencies are recommended for children to practice on a regular basis?,"The four emotional competencies are **self-awareness, self-management, empathy, and social skills**.","Children should systematically practice self-awareness, self-management, empathy, and social skills.",69
Which skills help children with emotional growth and should be taught in a systematic way?,"Children should practice **self-awareness, self-management, empathy, and social skills** in a systematic way.","Children should systematically practice self-awareness, self-management, empathy, and social skills.",69
How does emotional learning help kids stay focused and learn better?,Emotional learning strengthens executive functions that help children manage their emotions and pay attention. This helps them stay focused and learn better.,Emotional learning strengthens executive functions that help children manage their emotions and pay attention.,70
In what way can learning about emotions improve attention and school performance?,"Learning about emotions can strengthen executive functions, which help children manage their emotions and pay attention. This can improve attention and lead to better academic performance.",Emotional learning strengthens executive functions that help children manage their emotions and pay attention.,70
Why would emotional learning make executive functions stronger for children?,Emotional learning makes executive functions stronger because it helps children manage their emotions and pay attention.,Emotional learning strengthens executive functions that help children manage their emotions and pay attention.,70
How can managing emotions through learning support paying attention in class?,"Managing emotions through learning strengthens executive functions, which help children manage their emotions and pay attention in class.",Emotional learning strengthens executive functions that help children manage their emotions and pay attention.,70
"What’s the link between emotional learning, self-control, and better learning?","Emotional learning strengthens executive functions, which help children manage their emotions and pay attention. That better self-control and focus can support learning.",Emotional learning strengthens executive functions that help children manage their emotions and pay attention.,70
What kinds of behavior changes and school outcomes can social and emotional learning lead to?,"Social and emotional learning can lead to:

- **Less antisocial behavior** at school, such as disruption and violence
- **More prosocial behavior**, like liking school and behaving well
- **Better academic performance**

It can also help children **manage emotions and pay attention** better.","It can contribute to less antisocial behavior, more prosocial behavior, and better academic performance.",71
"In schools, does social and emotional learning help reduce antisocial behavior and improve grades?","Yes. Social and emotional learning can reduce antisocial behavior and improve academic performance, including grades.","It can contribute to less antisocial behavior, more prosocial behavior, and better academic performance.",71
What are the main benefits of social and emotional learning for students' behavior and academics?,"Social and emotional learning can lead to:

- **More prosocial behavior** — about a **10% increase** in behaviors like liking school and behaving well.
- **Less antisocial behavior** — about a **10% reduction** in disruption and violence.
- **Better academic performance**.

It also helps strengthen **executive functions**, which support **attention and learning**.","It can contribute to less antisocial behavior, more prosocial behavior, and better academic performance.",71
How can social and emotional learning affect both prosocial actions and academic performance at school?,"Social and emotional learning can lead to about a **10% increase in prosocial behaviors** like liking school and behaving well, and an **11% increase in academic achievement scores**.","It can contribute to less antisocial behavior, more prosocial behavior, and better academic performance.",71
What positive results do schools usually see from social and emotional learning programs?,"Schools usually see **less antisocial behavior**, **more prosocial behavior**, and **better academic performance** from social and emotional learning programs.","It can contribute to less antisocial behavior, more prosocial behavior, and better academic performance.",71
"Does having a higher IQ automatically mean someone is more emotionally intelligent, or are they separate things?","No. A higher IQ does not automatically mean greater emotional intelligence. They are separate things: someone can be very intelligent cognitively and still struggle with emotions, stress, or communication.",No. An increase in cognitive intelligence does not necessarily mean that people are becoming more emotionally intelligent.,72
"If a person's cognitive intelligence goes up, does that mean their emotional intelligence also improves?",No. An increase in cognitive intelligence does not necessarily mean a person’s emotional intelligence also improves.,No. An increase in cognitive intelligence does not necessarily mean that people are becoming more emotionally intelligent.,72
Can someone be very smart academically but still not be emotionally intelligent?,Yes. A higher IQ does not necessarily mean greater emotional intelligence.,No. An increase in cognitive intelligence does not necessarily mean that people are becoming more emotionally intelligent.,72
"Is there any direct link between IQ and emotional intelligence, or not really?","No. A higher IQ does not automatically mean greater emotional intelligence, so there isn’t a direct link in that sense.",No. An increase in cognitive intelligence does not necessarily mean that people are becoming more emotionally intelligent.,72
Does being more intelligent in the usual sense mean a person will also understand emotions better?,No. A higher IQ does not automatically mean greater emotional intelligence.,No. An increase in cognitive intelligence does not necessarily mean that people are becoming more emotionally intelligent.,72
What are some examples of emotions getting dangerously out of control?,"Examples include intergroup wars, intergroup hatred, and familial abuse.","Intergroup wars, intergroup hatred, and familial abuse are examples of emotions being expressed in dangerous ways.",73
Can emotions show up in harmful ways between groups or families?,"Yes. Emotions can be expressed in dangerous ways between groups or families, such as in intergroup wars, intergroup hatred, and familial abuse.","Intergroup wars, intergroup hatred, and familial abuse are examples of emotions being expressed in dangerous ways.",73
What kinds of situations can happen when feelings become destructive?,I don't know.,"Intergroup wars, intergroup hatred, and familial abuse are examples of emotions being expressed in dangerous ways.",73
"How can intergroup hatred, wars, or abuse be examples of uncontrolled emotions?","Intergroup hatred, wars, and abuse can be examples of uncontrolled emotions because they show emotions being expressed in dangerous ways.","Intergroup wars, intergroup hatred, and familial abuse are examples of emotions being expressed in dangerous ways.",73
What are some real-life examples of emotions being expressed in dangerous ways?,"Some real-life examples are **intergroup wars, intergroup hatred, and familial abuse**.","Intergroup wars, intergroup hatred, and familial abuse are examples of emotions being expressed in dangerous ways.",73
Why is social and emotional learning important to teach in schools and communities?,"Social and emotional learning is important to teach in schools and communities because it helps people manage emotions more effectively, reduce harmful or antisocial behavior, increase prosocial behavior, and improve academic performance.",Teaching these skills can help people manage emotions more effectively and reduce harmful behavior.,74
How can learning social and emotional skills help people handle feelings better?,Learning social and emotional skills can help people manage emotions more effectively and reduce harmful behavior.,Teaching these skills can help people manage emotions more effectively and reduce harmful behavior.,74
In what ways does teaching these skills help cut down harmful behavior?,"Teaching these skills helps people manage emotions more effectively, which can reduce harmful behavior.",Teaching these skills can help people manage emotions more effectively and reduce harmful behavior.,74
What are the main benefits of teaching social and emotional learning to everyone?,"Teaching social and emotional learning to everyone can help people manage emotions more effectively, reduce harmful or antisocial behavior, increase prosocial behavior, and improve academic performance.",Teaching these skills can help people manage emotions more effectively and reduce harmful behavior.,74
Why do people say social and emotional learning should be taught more widely?,People say social and emotional learning should be taught more widely because it helps people manage emotions better and can reduce harmful behavior.,Teaching these skills can help people manage emotions more effectively and reduce harmful behavior.,74
Which emotional abilities are women generally better at on average?,Women tend to be stronger on average in **emotional empathy** and **social skills**.,Women tend to be stronger on average in emotional empathy and social skills.,75
Do women tend to score higher in emotional empathy and social skills?,Yes. Women tend to score higher on average in emotional empathy and social skills.,Women tend to be stronger on average in emotional empathy and social skills.,75
What emotional strengths are more common in women compared with men?,Women tend to be stronger on average in **emotional empathy** and **social skills**.,Women tend to be stronger on average in emotional empathy and social skills.,75
Are women's average strengths more about empathy and social ability?,"Yes. According to the context, women tend to be stronger on average in emotional empathy and social skills.",Women tend to be stronger on average in emotional empathy and social skills.,75
"In general, which emotional skills do women seem to have more of?",Women tend to be stronger on average in **emotional empathy** and **social skills**.,Women tend to be stronger on average in emotional empathy and social skills.,75
"On average, which emotional skills are men usually better at, especially when it comes to confidence in groups and handling upsetting feelings?",Men are usually better on average at **group self-confidence** and **managing distressing emotions**.,Men tend to be stronger on average in group self-confidence and managing distressing emotions.,76
"What emotional abilities tend to be stronger in men overall, based on average differences?",Men tend to be stronger on average in **group self-confidence** and **managing distressing emotions**.,Men tend to be stronger on average in group self-confidence and managing distressing emotions.,76
Are men generally more skilled at group self-confidence and managing distressing emotions than women?,"Yes. According to the context, men tend to be stronger on average in group self-confidence and managing distressing emotions.",Men tend to be stronger on average in group self-confidence and managing distressing emotions.,76
"Which emotional strengths are more commonly seen in men on average, according to this record?",Men tend to be stronger on average in **group self-confidence** and **managing distressing emotions**.,Men tend to be stronger on average in group self-confidence and managing distressing emotions.,76
"In what emotional areas do men tend to have an average advantage, like group confidence or dealing with distress?",Men tend to have an average advantage in **group self-confidence** and **managing distressing emotions**.,Men tend to be stronger on average in group self-confidence and managing distressing emotions.,76
"Among the most effective leaders, do men and women differ in emotional abilities at the top level?","Among the most effective leaders, there is no difference between men and women in the emotional abilities discussed.","Among leaders in the top 10 percent, there was no difference between men and women in the emotional abilities discussed.",77
"In the top 10 percent of leaders, is there any gender gap in the emotional skills mentioned?","No. Among leaders in the top 10 percent, there was no difference between men and women in the emotional abilities discussed.","Among leaders in the top 10 percent, there was no difference between men and women in the emotional abilities discussed.",77
"Do the best leaders still show different emotional intelligence between men and women, or is it basically the same?","Among leaders in the top 10 percent, there was no difference between men and women in the emotional abilities discussed.","Among leaders in the top 10 percent, there was no difference between men and women in the emotional abilities discussed.",77
"For leaders in the top tier, are women and men equally matched on the emotional abilities discussed?","Yes. Among leaders in the top 10 percent, there was no difference between women and men in the emotional abilities discussed.","Among leaders in the top 10 percent, there was no difference between men and women in the emotional abilities discussed.",77
"When you look at the top 10 percent of leaders, does gender affect emotional intelligence at all?","Among leaders in the top 10 percent, there is no difference between men and women in the emotional abilities discussed.","Among leaders in the top 10 percent, there was no difference between men and women in the emotional abilities discussed.",77
How can building emotional intelligence help you turn weak spots into strengths over time?,"As you practice and become more effective, you can develop strengths in the emotional areas you need, which helps you turn weak spots into strengths over time.","As you develop your skills, you can acquire strengths in the emotional areas you need to become more effective.",78
What happens to your strengths when you keep improving your emotional skills?,"As you keep improving your emotional skills, you can develop strengths in the emotional areas you need to become more effective.","As you develop your skills, you can acquire strengths in the emotional areas you need to become more effective.",78
Can developing emotional intelligence make you more effective in the areas where you struggle most?,"Yes. As you develop your skills, you can acquire strengths in the emotional areas you need to become more effective.","As you develop your skills, you can acquire strengths in the emotional areas you need to become more effective.",78
In what way do emotional skills grow into strengths as you work on them?,"As you practice and become more effective, emotional skills can develop into strengths in the emotional areas you need.","As you develop your skills, you can acquire strengths in the emotional areas you need to become more effective.",78
Why does getting better at emotional intelligence help you become stronger in the areas you need most?,"As you practice and become more effective, you can develop strengths in the emotional areas you need most.","As you develop your skills, you can acquire strengths in the emotional areas you need to become more effective.",78
"Does emotional intelligence show up the same way in every culture, or do people express it differently?","No. Its fundamental abilities are universal, but their expression may differ across cultures.","No. Its fundamental abilities are universal, but their expression may differ across cultures.",79
"Are the core skills of emotional intelligence universal across cultures, even if the behavior looks different?","Yes. The fundamental abilities of emotional intelligence are universal, but how they are expressed can differ across cultures.","No. Its fundamental abilities are universal, but their expression may differ across cultures.",79
"Can emotional intelligence mean one thing in all cultures, or does culture change how it appears?","No. Emotional intelligence has universal core abilities, but culture can change how it is expressed.","No. Its fundamental abilities are universal, but their expression may differ across cultures.",79
"Is emotional intelligence basically the same everywhere, or are there cultural differences in how it’s expressed?","Its fundamental abilities are universal, but their expression may differ across cultures.","No. Its fundamental abilities are universal, but their expression may differ across cultures.",79
"Do people around the world share the same emotional intelligence abilities, even though they may show them in different ways?","Yes. The fundamental emotional intelligence abilities are universal, but people may express them differently across cultures.","No. Its fundamental abilities are universal, but their expression may differ across cultures.",79
Why can someone with a high IQ still make bad decisions or struggle when things get stressful?,"Because high IQ alone isn’t enough to handle every situation effectively. A person can still make poor decisions or struggle with stress, frustration, and communication. Emotions can also influence judgment without being noticed, so self-awareness matters too.","A person can have a high IQ and still make poor decisions or struggle with stress, frustration, and communication.",80
"If a person is really smart, why might they still have trouble dealing with frustration and communication?","A person can be really smart and still have trouble because high IQ alone does not guarantee emotional self-management or good communication. They may still struggle with stress, frustration, and communication.","A person can have a high IQ and still make poor decisions or struggle with stress, frustration, and communication.",80
How can someone have a high IQ and still not handle every situation very well?,"A person can have a high IQ and still make poor decisions or struggle with stress, frustration, and communication.","A person can have a high IQ and still make poor decisions or struggle with stress, frustration, and communication.",80
What does it mean when someone is intelligent but still struggles with stress and making decisions?,"It can mean that cognitive intelligence and emotional intelligence are different. Someone may be intelligent but still not be very emotionally intelligent, which can affect how they handle stress and make decisions.","A person can have a high IQ and still make poor decisions or struggle with stress, frustration, and communication.",80
Why isn't being smart enough on its own to deal with every kind of problem effectively?,"Being smart isn’t enough because a high IQ doesn’t guarantee good decisions in every situation. Someone can still struggle with stress, frustration, and communication, and those can affect how effectively they handle problems.","A person can have a high IQ and still make poor decisions or struggle with stress, frustration, and communication.",80
What does intelligence mean when we talk about adapting to different situations?,Intelligence means the capacity to adapt effectively to different situations.,Intelligence is the capacity to adapt effectively to different situations.,81
How is intelligence described if someone can adjust well to new or changing situations?,Intelligence is described as **the capacity to adapt effectively to different situations**.,Intelligence is the capacity to adapt effectively to different situations.,81
"In simple terms, what does it mean for intelligence to be the capacity to adapt effectively?",It means being able to change how you think or act so you can handle different situations well.,Intelligence is the capacity to adapt effectively to different situations.,81
How would you explain intelligence as the ability to deal with different situations?,Intelligence can be explained as the ability to adapt effectively to different situations.,Intelligence is the capacity to adapt effectively to different situations.,81
What does it say about intelligence if it is defined by how well someone adapts?,I don't know.,Intelligence is the capacity to adapt effectively to different situations.,81
How do emotional skills help someone deal with frustration and stress when things change?,"Emotional skills help you manage frustration and stress, and adjust your behavior to fit the situation.","Emotional skills help you manage frustration and stress, relate effectively to others, and adjust your behavior to the situation.",82
In what ways can emotional skills improve how you get along with other people?,"Emotional skills can help you get along with other people by helping you manage frustration and stress, relate effectively to others, and adjust your behavior to the situation.","Emotional skills help you manage frustration and stress, relate effectively to others, and adjust your behavior to the situation.",82
Why are emotional skills useful for adjusting your behavior to different situations?,"Emotional skills are useful because they help you manage frustration and stress, relate effectively to others, and adjust your behavior to fit the situation.","Emotional skills help you manage frustration and stress, relate effectively to others, and adjust your behavior to the situation.",82
How do emotional skills make it easier to adapt when a situation feels difficult or unexpected?,"Emotional skills help you manage frustration and stress, relate effectively to others, and adjust your behavior to the situation.","Emotional skills help you manage frustration and stress, relate effectively to others, and adjust your behavior to the situation.",82
What role do emotional skills play in helping a person respond better to changing situations?,"Emotional skills help a person manage frustration and stress, relate effectively to others, and adjust their behavior to fit the situation.","Emotional skills help you manage frustration and stress, relate effectively to others, and adjust your behavior to the situation.",82
How does emotional intelligence help you understand your own emotions and the emotions of other people?,"Emotional intelligence helps you recognize, understand, and manage your own emotions, and also recognize, understand, and influence the emotions of other people.","It helps you recognize, understand, and manage your emotions while also recognizing, understanding, and influencing the emotions of others.",83
In what ways can emotional intelligence improve self-awareness and awareness of others?,"Emotional intelligence can improve self-awareness by helping you recognize, understand, and manage your own emotions. It can improve awareness of others by helping you recognize, understand, and influence other people’s emotions.","It helps you recognize, understand, and manage your emotions while also recognizing, understanding, and influencing the emotions of others.",83
"Why is emotional intelligence useful for recognizing, understanding, and managing feelings, both yours and someone else's?","It helps you recognize, understand, and manage your emotions, while also recognizing, understanding, and influencing the emotions of others.","It helps you recognize, understand, and manage your emotions while also recognizing, understanding, and influencing the emotions of others.",83
How can being emotionally intelligent help you influence other people's emotions while staying in control of your own?,"Emotional intelligence helps you recognize, understand, and manage your own emotions while also recognizing, understanding, and influencing the emotions of others.","It helps you recognize, understand, and manage your emotions while also recognizing, understanding, and influencing the emotions of others.",83
"What does emotional intelligence do to help you notice, understand, and handle emotions in yourself and in others?","It helps you recognize, understand, and manage your own emotions, while also recognizing, understanding, and influencing the emotions of others.","It helps you recognize, understand, and manage your emotions while also recognizing, understanding, and influencing the emotions of others.",83
How can you use self-awareness when you feel nervous?,"First, recognize that you feel nervous. Then, understand why you feel that way and choose how to manage its effects.","First, recognize that you feel nervous. Then, understand why you feel that way and choose how to manage its effects.",84
What should you do first when you notice nervousness in yourself?,"First, recognize that you feel nervous.","First, recognize that you feel nervous. Then, understand why you feel that way and choose how to manage its effects.",84
Why is it helpful to understand the reason you feel nervous?,"It helps because once you understand why you feel nervous, you can choose how to manage its effects.","First, recognize that you feel nervous. Then, understand why you feel that way and choose how to manage its effects.",84
How does self-awareness help you deal with nervous feelings?,"First, recognize that you feel nervous. Then understand why you feel that way and choose how to manage its effects.","First, recognize that you feel nervous. Then, understand why you feel that way and choose how to manage its effects.",84
What’s a good way to manage the effects of nervousness once you notice it?,"First, recognize that you feel nervous. Then understand why you feel that way and choose how to manage its effects.","First, recognize that you feel nervous. Then, understand why you feel that way and choose how to manage its effects.",84
How can I calm myself down when I get nervous speaking in front of people?,"You can manage nervousness while speaking to an audience by pausing intentionally, speaking more slowly, and asking the audience questions.","You can pause intentionally, speak more slowly, and ask the audience questions.",85
What are some simple ways to handle stage fright during a presentation?,I don't know.,"You can pause intentionally, speak more slowly, and ask the audience questions.",85
How do I stop rushing my words when I'm speaking to an audience?,"You can pause intentionally, speak more slowly, and ask the audience questions.","You can pause intentionally, speak more slowly, and ask the audience questions.",85
Can pausing and slowing down really help me feel less nervous while talking to a crowd?,Yes. You can manage nervousness while speaking to an audience by pausing intentionally and speaking more slowly.,"You can pause intentionally, speak more slowly, and ask the audience questions.",85
What can I do to keep my audience engaged while I’m trying not to panic?,"You can pause intentionally, speak more slowly, and ask the audience questions.","You can pause intentionally, speak more slowly, and ask the audience questions.",85
How can you tell when the people you're speaking to are starting to lose interest?,"Look for behaviors such as yawning, looking away, or checking phones. If you notice those signs, you may need to change your approach.","Look for behaviors such as yawning, looking away, or checking phones, and consider whether you need to change your approach.",86
What are some signs that an audience is getting bored during a talk or presentation?,"Some signs that an audience is getting bored include:

- Yawning
- Looking away
- Checking their phones

If you notice these, you may need to change your approach.","Look for behaviors such as yawning, looking away, or checking phones, and consider whether you need to change your approach.",86
"If people keep yawning or looking at their phones, what should you do as a speaker?","If people keep yawning or looking at their phones, you should consider changing your approach to regain their interest.","Look for behaviors such as yawning, looking away, or checking phones, and consider whether you need to change your approach.",86
What should you watch for to know whether you need to change your approach mid-presentation?,"Look for behaviors such as yawning, looking away, or checking phones.","Look for behaviors such as yawning, looking away, or checking phones, and consider whether you need to change your approach.",86
How do you recognize when listeners are checking out and not paying attention anymore?,"Look for signs like yawning, looking away, or checking phones. If you notice those behaviors, it may mean you need to change your approach.","Look for behaviors such as yawning, looking away, or checking phones, and consider whether you need to change your approach.",86
What does every emotion give us besides a feeling?,Every emotion gives us **information and a guide for action**.,Every emotion provides information and a guide for action.,87
In what two ways do emotions help us?,Emotions help us by making us **involved** and **motivated/enthusiastic** about what we are doing.,Every emotion provides information and a guide for action.,87
What are the two things every emotion provides to a person?,Every emotion provides **information** and a **guide for action**.,Every emotion provides information and a guide for action.,87
How do emotions act as both information and a guide for action?,Every emotion provides **information** about what you’re experiencing and a **guide for action** by influencing how you respond.,Every emotion provides information and a guide for action.,87
Why are emotions useful for what we know and what we do?,"Emotions are useful because they can inform what we know about ourselves and help us manage what we do. They give us clues about our feelings, motives, values, and reactions, and they can help us avoid being overwhelmed or distracted so we can keep doing what we need to do.",Every emotion provides information and a guide for action.,87
How are emotions like warning lights on a car dashboard?,Each emotion communicates information about your current condition or situation and indicates that an action may be necessary.,Each emotion communicates information about your current condition or situation and indicates that an action may be necessary.,88
What do emotions tell you about your current condition or situation?,Emotions tell you information about your current condition or situation and may indicate that an action is necessary.,Each emotion communicates information about your current condition or situation and indicates that an action may be necessary.,88
Why might an emotion be a sign that some action is needed?,An emotion can be a sign that some action is needed because it carries a message you need to understand and respond to.,Each emotion communicates information about your current condition or situation and indicates that an action may be necessary.,88
How can I tell if a feeling is trying to communicate something important?,"Sadness can be a clue that you’ve experienced a loss or feel like you’re losing something important. More generally, a feeling may be trying to communicate something important if you pause and interpret it instead of just reacting automatically.",Each emotion communicates information about your current condition or situation and indicates that an action may be necessary.,88
In what way do emotions act like signals that help guide what you do next?,"Emotions act like signals by giving you internal feedback that guides your choices and behavior, helping you decide what to do next.",Each emotion communicates information about your current condition or situation and indicates that an action may be necessary.,88
What can anger tell me about a situation or another person's behavior?,Anger can tell you that something seems unjust or that someone is interfering with an important goal.,Anger can indicate that something appears unjust or that someone is interfering with an important goal.,89
How does anger reflect when something feels unfair or blocked?,Anger can indicate that something seems unjust or that an important goal is being blocked.,Anger can indicate that something appears unjust or that someone is interfering with an important goal.,89
In what way can anger point to injustice or goal interference?,Anger can point to the fact that something seems unjust or that an important goal is being interfered with.,Anger can indicate that something appears unjust or that someone is interfering with an important goal.,89
What does anger reveal about what I care about or what matters to me?,"Anger can reveal that something feels unjust or that something is interfering with an important goal, which suggests what matters to you.",Anger can indicate that something appears unjust or that someone is interfering with an important goal.,89
Can anger be a signal that something is unjust or getting in the way of an important goal?,Yes. Anger can indicate that something appears unjust or that someone is interfering with an important goal.,Anger can indicate that something appears unjust or that someone is interfering with an important goal.,89
What does sadness usually tell you about what’s going on in your life?,"Sadness usually tells you that you’ve experienced a loss, or that you feel like you’re losing something important in your life.",Sadness can indicate a loss or the perception that you are losing something important.,90
How can sadness be a sign that something important is being lost?,"Sadness can be a sign that you are experiencing a loss, or that you feel you are losing something important.",Sadness can indicate a loss or the perception that you are losing something important.,90
In what way does sadness help you notice a loss or possible loss?,Sadness can indicate a loss or the perception that you are losing something important.,Sadness can indicate a loss or the perception that you are losing something important.,90
What kind of situation is sadness trying to point out to you?,Sadness is trying to point out a **loss** or the **perception that you are losing something important**.,Sadness can indicate a loss or the perception that you are losing something important.,90
Why might feeling sad mean that you think something valuable is slipping away?,I don't know.,Sadness can indicate a loss or the perception that you are losing something important.,90
What does anxiety tell you about a possible future threat?,Anxiety can tell you that you perceive an uncertain or ambiguous future threat.,Anxiety can indicate that you perceive an uncertain or ambiguous future threat.,91
How can anxiety signal an uncertain or ambiguous danger ahead?,Anxiety can signal that you perceive an uncertain or ambiguous future threat.,Anxiety can indicate that you perceive an uncertain or ambiguous future threat.,91
In what way does anxiety indicate that something bad might happen later?,Anxiety can indicate that you perceive an **uncertain or ambiguous future threat**.,Anxiety can indicate that you perceive an uncertain or ambiguous future threat.,91
What kind of future threat can anxiety point to when you feel unsure?,An uncertain or ambiguous future threat.,Anxiety can indicate that you perceive an uncertain or ambiguous future threat.,91
Why is anxiety sometimes a sign that you see a vague threat in the future?,Anxiety can be a sign that you perceive an uncertain or ambiguous future threat.,Anxiety can indicate that you perceive an uncertain or ambiguous future threat.,91
What can happen if you try to force anxiety away instead of letting it be?,Trying to force anxiety away can produce a rebound effect and make the anxiety more intense.,Trying to force anxiety away can produce a rebound effect and make the anxiety more intense.,92
Can pushing anxiety away actually make it come back stronger?,Yes. Trying to force anxiety away can produce a rebound effect and make the anxiety more intense.,Trying to force anxiety away can produce a rebound effect and make the anxiety more intense.,92
Why does trying to get rid of anxiety sometimes make it more intense?,"Trying to force anxiety away can produce a rebound effect, which can make the anxiety more intense.",Trying to force anxiety away can produce a rebound effect and make the anxiety more intense.,92
Is there a rebound effect when you force anxiety away?,Yes. Trying to force anxiety away can produce a rebound effect and make the anxiety more intense.,Trying to force anxiety away can produce a rebound effect and make the anxiety more intense.,92
What happens to anxiety when you fight it too hard?,Trying to fight anxiety too hard can make it rebound and become more intense.,Trying to force anxiety away can produce a rebound effect and make the anxiety more intense.,92
What can happen when you notice an emotion instead of just reacting to it?,"The emotion may decrease in intensity and become easier to manage, even if it does not disappear completely.","The emotion may decrease in intensity and become easier to manage, even if it does not disappear completely.",93
"If you observe and understand a feeling, does it usually get weaker or stay the same?",It usually gets weaker. Observing and understanding an emotion may decrease its intensity and make it easier to manage.,"The emotion may decrease in intensity and become easier to manage, even if it does not disappear completely.",93
Can an emotion become easier to handle after you pay attention to it and understand it?,"Yes. When you observe and understand an emotion, it may decrease in intensity and become easier to manage, even if it doesn’t disappear completely.","The emotion may decrease in intensity and become easier to manage, even if it does not disappear completely.",93
What happens to a feeling when you really observe it and make sense of it?,"The emotion may decrease in intensity and become easier to manage, even if it does not disappear completely.","The emotion may decrease in intensity and become easier to manage, even if it does not disappear completely.",93
"Does understanding an emotion make it go away completely, or just reduce how strong it feels?",Understanding an emotion usually just **reduces how strong it feels** and makes it easier to manage — it does **not necessarily make it go away completely**.,"The emotion may decrease in intensity and become easier to manage, even if it does not disappear completely.",93
How can anger push someone to do something constructive instead of just blowing up?,"Anger can push someone toward constructive action by motivating them to **restore justice, remove an obstacle, say no, or set a necessary limit**.","Anger can motivate you to restore justice, remove an obstacle, say no, or establish a necessary limit.",94
In what ways can anger help a person set a boundary or say no when it’s needed?,"Anger can help a person set a boundary or say no by motivating them to establish a necessary limit. It can also signal that something feels unjust or that someone is interfering with an important goal, which may show that saying no is needed.","Anger can motivate you to restore justice, remove an obstacle, say no, or establish a necessary limit.",94
Can anger actually be useful for restoring justice or fixing something unfair?,"Yes. According to the context, anger can motivate you to restore justice, remove an obstacle, say no, or establish a necessary limit.","Anger can motivate you to restore justice, remove an obstacle, say no, or establish a necessary limit.",94
How does anger turn into action that removes an obstacle or problem?,"Anger can turn into action by motivating you to **remove an obstacle**, **restore justice**, **say no**, or **set a necessary limit**.","Anger can motivate you to restore justice, remove an obstacle, say no, or establish a necessary limit.",94
Why would anger ever be a helpful signal for self-awareness and limits?,"Anger can be a helpful signal because it may tell you that you feel an unwanted interference, especially if you think it was intentional. That can help you become aware of your limits and what is bothering you.","Anger can motivate you to restore justice, remove an obstacle, say no, or establish a necessary limit.",94
How can sadness help someone respond to a loss in a healthy way?,"Sadness can help someone respond to a loss in a healthy way by helping them process the loss, learn from it, temporarily withdraw, or seek emotional support.","Sadness can help you process the loss, learn from it, temporarily withdraw, or seek emotional support.",95
In what ways can sadness be useful after you experience a loss?,"Sadness can be useful after a loss because it can help you process the loss, learn from it, temporarily withdraw, or seek emotional support.","Sadness can help you process the loss, learn from it, temporarily withdraw, or seek emotional support.",95
"Can sadness actually help you deal with loss, and if so, how?","Yes. Sadness can help you deal with loss by helping you process what happened, learn from the loss, temporarily withdraw to reflect, or seek emotional support.","Sadness can help you process the loss, learn from it, temporarily withdraw, or seek emotional support.",95
What does sadness do for you when you're trying to handle a loss?,"Sadness can help you process the loss, learn from it, temporarily withdraw, or seek emotional support.","Sadness can help you process the loss, learn from it, temporarily withdraw, or seek emotional support.",95
Why might feeling sad be helpful when you've lost something important?,Because distressing emotions like sadness have a function and may teach you something important.,"Sadness can help you process the loss, learn from it, temporarily withdraw, or seek emotional support.",95
How can gathering information help reduce anxiety and make it easier to cope with uncertainty?,"Gathering information helps reduce uncertainty, and reducing uncertainty can lower the intensity of anxiety, making it easier to cope.","Gathering information reduces uncertainty, and reducing uncertainty can lower the intensity of anxiety.",96
Why does learning more about a situation often make anxiety feel less intense?,Learning more about a situation can make anxiety feel less intense because it helps reduce the uncertainty and ambiguity about a possible future threat.,"Gathering information reduces uncertainty, and reducing uncertainty can lower the intensity of anxiety.",96
In what way does reducing uncertainty help someone manage anxious feelings better?,"Reducing uncertainty can lower the intensity of anxiety, which helps someone manage anxious feelings better.","Gathering information reduces uncertainty, and reducing uncertainty can lower the intensity of anxiety.",96
"Can getting more information actually lower anxiety, and if so, how does that work?","Yes. Gathering more information can lower anxiety because it reduces uncertainty. Anxiety often shows up when you perceive an uncertain or ambiguous future threat, so getting clearer information can make the situation feel less unknown and therefore less intense.","Gathering information reduces uncertainty, and reducing uncertainty can lower the intensity of anxiety.",96
"Why is uncertainty such a big part of anxiety, and how can information help with it?","Uncertainty is a big part of anxiety because anxiety often signals that you perceive an uncertain or ambiguous future threat. Information can help by reducing that uncertainty, which can lower the intensity of anxiety.","Gathering information reduces uncertainty, and reducing uncertainty can lower the intensity of anxiety.",96
What’s the difference between feeling irritated and feeling angry when something gets in your way?,Irritation is usually a reaction to an unwanted interference or obstacle. Anger is more likely when you think that interference was intentional.,"Irritation involves an unwanted interference, while anger becomes more likely when you believe that the interference was intentional.",97
How does irritation differ from anger in terms of whether the problem seems intentional or not?,"Irritation is linked to an unwanted interference that does not seem intentional, while anger is more likely when you think the interference was intentional.","Irritation involves an unwanted interference, while anger becomes more likely when you believe that the interference was intentional.",97
"When someone interferes with you, why would that lead to irritation first and anger only sometimes?","Because interference first causes **irritation** as an unwanted obstacle. It turns into **anger** only sometimes, especially when you believe the interference was **intentional** or unjust.","Irritation involves an unwanted interference, while anger becomes more likely when you believe that the interference was intentional.",97
Can you explain the line between an unwanted interruption and a situation that makes you angry?,Irritation is usually caused by an unwanted interference or interruption. It can turn into anger when you believe the interference was intentional.,"Irritation involves an unwanted interference, while anger becomes more likely when you believe that the interference was intentional.",97
Why does anger usually show up more when I think the interference was done on purpose?,"Anger usually shows up more because it becomes more likely when you believe the interference was intentional. Irritation is more about an unwanted interference, but anger is tied to the sense that someone did it on purpose or that something is unjust.","Irritation involves an unwanted interference, while anger becomes more likely when you believe that the interference was intentional.",97
What is the difference between irritation and frustration when something gets in your way?,I don’t know.,"Irritation is associated with an external obstacle, while frustration arises when you feel unable to accomplish something.",98
How can I tell if I'm just irritated by an outside obstacle or actually frustrated because I can't get something done?,"An outside obstacle usually shows up as **anger**, which can help you **restore justice, remove the obstacle, say no, or set a limit**.  
Frustration is more likely when the feeling comes from **not being able to get something done**.

A simple way to tell is to ask yourself:
- **Is something or someone blocking me?** → likely anger at an outside obstacle
- **Am I stuck and unable to make progress?** → likely frustration

If you want, I can also help you distinguish anger, frustration, and resentment more clearly.","Irritation is associated with an external obstacle, while frustration arises when you feel unable to accomplish something.",98
"Is irritation more about an external problem, and frustration more about feeling unable to achieve a goal?","Yes. Irritation is associated with an external obstacle or interference, while frustration arises when you feel unable to accomplish something or achieve a goal.","Irritation is associated with an external obstacle, while frustration arises when you feel unable to accomplish something.",98
"When people talk about being irritated versus frustrated, what is the real difference between the two feelings?","Irritation is associated with an external obstacle, while frustration arises when you feel unable to accomplish something.","Irritation is associated with an external obstacle, while frustration arises when you feel unable to accomplish something.",98
"Why does irritation seem tied to something outside you, while frustration feels more like being blocked from accomplishing something?",Irritation is tied to something outside you because it comes from an external obstacle. Frustration feels different because it happens when you feel unable to accomplish something you want to do.,"Irritation is associated with an external obstacle, while frustration arises when you feel unable to accomplish something.",98
What three factors can increase how intense a stressful emotion feels?,"The three factors are **physiological activation, perceived threat, and perceived lack of control**.","The three factors are physiological activation, perceived threat, and perceived lack of control.",99
"Which factors make a stressful feeling more intense: body arousal, threat, or control?","The factors are **body arousal (physiological activation), threat, and lack of control**.","The three factors are physiological activation, perceived threat, and perceived lack of control.",99
"In stressful emotions, what role do physiological activation, threat, and lack of control play?","Physiological activation, perceived threat, and perceived lack of control are the three factors that can increase the intensity of a stressful emotion.","The three factors are physiological activation, perceived threat, and perceived lack of control.",99
What are the three things that can raise the intensity of a stress-related emotion?,"The three things are **physiological activation, perceived threat, and perceived lack of control**.","The three factors are physiological activation, perceived threat, and perceived lack of control.",99
"How do activation, threat, and feeling out of control affect stressful emotions?","Physiological activation, perceived threat, and a perceived lack of control all increase the intensity of stressful emotions.","The three factors are physiological activation, perceived threat, and perceived lack of control.",99
