question,document,score,reasoning
What does emotional intelligence mean in simple terms?,0,good,"The AI answer preserves the exact meaning of the ground truth: it defines emotional intelligence as effectively handling oneself, one's emotions, and relationships with others. The wording differs slightly ('how well' vs 'how effectively'), but the semantic content is the same."
How does emotional intelligence affect the way you handle your own emotions?,0,good,"The AI answer captures the main idea of the ground truth: emotional intelligence is about handling yourself and your emotions effectively. It omits the part about relationships with other people, but the question asks specifically about handling your own emotions, so the omission does not change the core meaning in this context."
Why is emotional intelligence important in relationships with other people?,0,good,"The AI answer preserves the core meaning of the original: emotional intelligence involves managing oneself, emotions, and relationships with other people. It is semantically equivalent, with only minor rephrasing."
What skills are included in emotional intelligence besides self-control?,0,good,"The ground truth asks what skills are included in emotional intelligence besides self-control. The AI answer lists the standard four domains and includes self-management (which corresponds to self-control) plus the other domains: self-awareness, empathy, and relationship management. This matches the intended information and addresses the question appropriately, though it is more specific than the ground truth."
How would you explain emotional intelligence to someone who has never heard of it?,0,good,The AI answer preserves the core definition from the ground truth exactly and adds a reasonable elaboration about recognizing and managing emotions. This is semantically equivalent and correct.
What are the four main parts of emotional intelligence?,1,good,"The AI answer exactly matches the ground truth by listing the same four domains of emotional intelligence: self-awareness, self-management, empathy, and relationship management."
Which four domains make up emotional intelligence?,1,good,"The AI answer exactly matches the ground truth and includes all four domains of emotional intelligence: self-awareness, self-management, empathy, and relationship management."
Can you list the four core areas of emotional intelligence?,1,good,"The AI answer exactly matches the ground truth by listing the same four domains of emotional intelligence: self-awareness, self-management, empathy, and relationship management."
What are the key domains included in emotional intelligence?,1,good,"The AI answer exactly matches the ground truth by listing the four domains of emotional intelligence: self-awareness, self-management, empathy, and relationship management."
What are the four main emotional intelligence skills?,1,good,"The AI answer exactly matches the ground truth by listing the same four emotional intelligence domains: self-awareness, self-management, empathy, and relationship management."
What does it mean to be self-aware?,2,good,The AI answer matches the ground truth exactly and conveys the same definition of self-awareness.
How would you explain self-awareness in simple terms?,2,good,"The AI answer conveys the core idea of self-awareness: noticing your internal states and understanding their effects. This matches the ground truth’s emphasis on recognizing what you are feeling and why you are feeling it. It adds thoughts and behavior, which is fine and consistent with the concept."
What does it involve when someone is self-aware?,2,good,The AI answer matches the ground truth exactly in meaning and wording. It correctly states that self-awareness involves recognizing one's feelings and understanding why one is feeling them.
Why is being self-aware about noticing your feelings and knowing why they happen?,2,good,The AI answer matches the ground truth exactly in its core definition: self-awareness is recognizing what you are feeling and understanding why you are feeling it. The added sentence is consistent and does not change the meaning.
In what way does self-awareness help you understand what you feel and the reason behind it?,2,good,The AI answer matches the ground truth in meaning: it states that self-awareness helps you recognize your feelings and understand the reasons behind them. This is semantically equivalent.
How can self-awareness improve your intuition?,3,good,The AI answer matches the ground truth exactly and conveys the same key idea: self-awareness helps intuition by making your emotions and their causes useful internal information.
Why does understanding your emotions and their causes help intuition?,3,good,The AI answer exactly matches the original answer and preserves the same meaning and key information.
What kind of internal information comes from being aware of your emotions?,3,good,The AI answer exactly matches the original answer in meaning and wording. It correctly states that understanding your emotions and their causes provides useful internal information that supports intuition.
Can knowing why I feel a certain way make my gut feelings better?,3,good,"The AI answer preserves the core idea of the ground truth: understanding the causes of your emotions can provide useful information that supports intuition/gut feelings. It adds reasonable elaboration about managing emotions and judgment, which is consistent with the original meaning."
In what way does self-awareness support intuition?,3,good,"The AI answer preserves the core meaning of the ground truth: self-awareness helps intuition by letting you understand your emotions and their causes, providing internal information that supports intuitive judgment. It is semantically equivalent."
How can understanding your feelings improve the way you make choices?,4,good,The AI answer preserves the core meaning of the ground truth: recognizing/understanding feelings helps you see how they influence your judgment and choices. It is semantically equivalent.
In what way does noticing your emotions help you judge situations better?,4,good,The AI answer matches the ground truth in meaning and wording. It correctly states that noticing emotions helps you see how they influence judgment and choices.
Why is it useful to recognize what you're feeling before deciding something?,4,good,"The AI answer preserves the core idea that recognizing feelings helps prevent them from unconsciously influencing decisions and allows more deliberate judgment. It adds related detail about regulating emotions, which is compatible with the ground truth."
How can being aware of your emotions affect your judgment and decisions?,4,good,The AI answer preserves the core meaning of the ground truth: recognizing emotions helps you see how they influence judgment and choices. The added note about better decisions is consistent and does not alter the original meaning.
What does self-awareness do to help you make smarter choices?,4,good,"The AI answer preserves the core meaning of the original: self-awareness involves recognizing feelings and understanding their influence on judgment and choices, which helps improve decision-making. It is semantically equivalent and adds a mild elaboration without changing the meaning."
How does self-awareness help act as a moral compass in daily choices?,5,good,The AI answer preserves the key idea from the ground truth: self-awareness helps by recognizing feelings and internal signals that guide choices and behavior. It is semantically equivalent and adds a bit of explanatory framing without changing the meaning.
In what way does being self-aware help you notice feelings and inner signals?,5,good,The AI answer matches the original answer exactly in meaning and wording. It correctly states that self-awareness helps recognize feelings and internal signals that guide choices and behavior.
Why is self-awareness useful for guiding behavior and decisions?,5,good,"The AI answer captures the core idea that self-awareness helps recognize internal feelings and signals that influence behavior and decisions. It adds some extra detail about managing emotions and noticing bias, which is consistent with the original answer and does not contradict it."
How can knowing your own emotions make it easier to choose the right action?,5,good,"The AI answer preserves the core idea: self-awareness of emotions helps you notice how feelings influence judgment and choices, making action more intentional. This is semantically equivalent to recognizing internal signals that guide behavior."
What does self-awareness let you recognize inside yourself when making choices?,5,good,The AI answer matches the ground truth in meaning: it says self-awareness lets you recognize your feelings and internal signals when making choices. This preserves the key idea without distortion or omission.
What does emotional self-management mean in simple terms?,6,good,The AI answer preserves the core meaning of the ground truth: managing upsetting/distressing emotions effectively so they do not interfere with actions or tasks. It is semantically equivalent and concise.
How would you describe emotional self-management when someone is upset?,6,good,The AI answer matches the original answer exactly in meaning and wording. It correctly defines emotional self-management as handling distressing emotions so they do not interfere with one's actions.
Why is emotional self-management important for staying focused on a task?,6,good,"The AI answer matches the ground truth in meaning. It states that emotional self-management helps handle distressing emotions so they do not interfere with the task, which is the same core idea."
What does it look like to handle distressing emotions effectively?,6,good,"The AI answer preserves the core meaning of the original: effectively managing distressing emotions so they do not interfere with one’s actions. It is semantically equivalent, with only minor wording differences."
How can emotional self-management keep emotions from interfering with what you're doing?,6,good,The AI answer preserves the original meaning almost exactly: it says emotional self-management involves handling distressing emotions effectively so they do not interfere with what you are doing. This is semantically equivalent to the ground truth.
Why should I pay attention to distressing emotions instead of pushing them away?,7,good,The AI answer preserves the core point of the ground truth: distressing emotions should be attended to because they have a function and can teach something important. The extra statement about them coming back more strongly is compatible and does not change the meaning.
What can distressing feelings teach me about myself if I notice them?,7,good,"The AI answer preserves the core meaning of the original: distressing feelings deserve attention because emotions have a function and can convey important information about oneself. It is semantically equivalent, though slightly rephrased."
"Do negative emotions actually have a purpose, or are they just a problem to get rid of?",7,good,"The AI answer matches the ground truth: it says negative/distressing emotions have a function, can teach you something important, and should be attended to rather than simply eliminated. The added details about not being overwhelmed are compatible with the original meaning."
How can paying attention to uncomfortable emotions help me understand what matters?,7,good,The AI answer conveys the same key idea as the original: uncomfortable/distressing emotions deserve attention because emotions have a function and can teach something important. It is semantically equivalent.
Why is it worth listening to difficult emotions when they feel so bad?,7,good,The AI answer preserves the core meaning of the ground truth: distressing/difficult emotions deserve attention because emotions have a function and can teach something important. This is semantically equivalent.
"Do all emotions actually serve some kind of purpose, or are some just random feelings?",8,good,The AI answer preserves the core meaning of the ground truth: it affirms that every emotion has a function and can provide information about oneself or one’s situation. The added phrase “According to the context” is harmless and does not change the answer’s semantics.
What can my emotions tell me about myself or what’s happening around me?,8,good,"The AI answer preserves the core idea that emotions provide information about your internal state, triggers, and your surroundings. It does not explicitly mention that every emotion has a function, but it is semantically aligned with the ground truth by explaining that emotions can inform you about yourself and your situation."
"If every emotion has a function, how should I use that information in daily life?",8,good,"The AI answer preserves the core idea that emotions have a function and should be used as information about yourself or your situation. It adds a practical interpretation about noticing and responding, which is consistent with the ground truth and not contradictory."
"Are there any emotions that don’t really have a purpose, or do they all mean something?",8,good,The AI answer matches the ground truth: it states that every emotion has a function and can provide information about you or your situation. The added sentence about difficult emotions having functions is compatible extra detail and does not change the meaning.
How can I tell what a specific emotion is trying to show me?,8,bad,The original answer says that every emotion has a function and can provide information about you or your situation. The AI answer 'I don't know' does not convey this and fails to answer the question. It is not semantically equivalent.
How do positive emotions help with self-management?,9,good,"The AI answer exactly matches the original answer and conveys the same key idea about positive emotions supporting involvement, motivation, and enthusiasm in self-management."
In what way can feeling positive make someone more motivated and involved?,9,good,"The AI answer matches the ground truth in meaning: it says positive emotions can increase involvement, motivation, and enthusiasm about what one is doing. This is semantically equivalent with no missing key point."
Why do positive emotions matter when you're trying to manage yourself better?,9,good,"The AI answer preserves the core idea from the ground truth: positive emotions help you become involved, motivated, and enthusiastic about what you're doing. The added sentence is consistent and does not contradict the original."
How can being enthusiastic help you stay engaged in what you're doing?,9,good,"The AI answer preserves the core meaning of the ground truth: enthusiasm/positive emotions help you become more involved and motivated in your activities, which supports staying engaged. It is semantically equivalent."
What does it mean when positive emotions support self-management?,9,good,"The AI answer matches the ground truth exactly in meaning and wording. It correctly explains that positive emotions support self-management by helping a person become involved, motivated, and enthusiastic about what they are doing."
How would you explain aligning your actions with your passions in a simple way?,10,good,The AI answer preserves the core meaning of the original: aligning actions with passions means doing things that match what you genuinely care about and what motivates you. This is semantically equivalent to connecting what you do with the interests and purposes that genuinely motivate you.
What does it look like when someone connects their daily choices with what truly motivates them?,10,good,The AI answer matches the original answer exactly in meaning and wording. It conveys the same key idea about linking daily actions with genuine interests and purposes that motivate a person.
Can you describe what it means to let your interests and purpose guide what you do?,10,good,The AI answer matches the ground truth exactly in meaning and wording. It correctly explains that letting your interests and purpose guide what you do means connecting your actions with the interests and purposes that genuinely motivate you.
Why is it important to make your actions match the things that genuinely drive you?,10,good,"The AI answer preserves the core idea that actions should align with what genuinely motivates you, and it explains this in terms of values, motivations, and dissatisfaction. This is semantically equivalent to the original, which says it means connecting what you do with the interests and purposes that genuinely motivate you."
What does it mean when your work or habits are connected to your real passions?,10,good,The AI answer matches the ground truth exactly in meaning and wording. It correctly explains that linking work or habits to real passions means aligning actions with the interests and purposes that genuinely motivate you.
What does empathy mean in simple terms?,11,good,The AI answer matches the ground truth in meaning and wording. It correctly defines empathy as recognizing and understanding another person's feelings.
How would you define empathy as a person’s ability to understand feelings?,11,good,The AI answer matches the ground truth exactly in meaning and wording. It correctly defines empathy as the ability to recognize and understand another person's feelings.
What is the basic idea behind empathy?,11,good,The AI answer matches the ground truth essentially verbatim in meaning: empathy is recognizing and understanding another person's feelings. No key information is missing or altered.
Can you explain empathy as recognizing what someone else feels?,11,good,"The AI answer matches the ground truth exactly in meaning, stating that empathy is the ability to recognize and understand what another person is feeling. It directly answers the question and preserves the key point."
Why is empathy described as understanding another person’s emotions?,11,good,The AI answer preserves the core meaning of the ground truth: empathy is the ability to recognize and understand another person's feelings/emotions. It is semantically equivalent.
What does relationship management mean in emotional intelligence?,12,good,"The AI answer matches the ground truth exactly in meaning and includes the same core components: self-awareness, self-management, and empathy used to interact skillfully with others."
"How does relationship management connect self-awareness, self-management, and empathy?",12,good,"The AI answer matches the ground truth in meaning: it states that relationship management combines self-awareness, self-management, and empathy to interact skillfully with others. This is semantically equivalent."
"In emotional intelligence, how do you use relationship management to deal with other people skillfully?",12,good,"The AI answer conveys the core idea that relationship management involves using self-awareness, self-management, and empathy to interact skillfully with others. It adds social skills, which is consistent with the concept and does not change the meaning. Semantically equivalent."
What skills are combined in relationship management when talking about emotional intelligence?,12,good,"The AI answer matches the ground truth exactly in meaning, listing the same combined skills for relationship management and preserving the key idea about interacting skillfully with others."
"Why is relationship management considered part of emotional intelligence, and what does it involve?",12,good,"The AI answer matches the ground truth: it explains relationship management as part of emotional intelligence and explicitly states that it involves combining self-awareness, self-management, and empathy to interact skillfully with others. The extra explanation does not change the meaning."
Why is it important for children to practice self-awareness and other emotional intelligence skills regularly?,13,good,"The AI answer preserves the core meaning of the original answer: that repeated practice of self-awareness and related emotional intelligence skills supports children's emotional and social development. It is slightly less specific, but semantically equivalent."
"How do self-awareness, self-management, empathy, and social skills help a child’s emotional and social growth?",13,good,"The AI answer matches the original meaning exactly. It states that repeatedly practicing self-awareness, self-management, empathy, and social skills can support a child's emotional and social development, which is semantically equivalent to the ground truth."
What happens when kids keep practicing emotional intelligence skills like empathy and self-management?,13,good,"The AI answer matches the ground truth in meaning: it says repeated practice of emotional intelligence skills like empathy and self-management supports children's emotional and social development. This is semantically equivalent, with only minor rephrasing and no loss of key information."
Can learning self-awareness and social skills support a child’s development in everyday life?,13,good,"The AI answer preserves the core meaning of the ground truth: repeated practice of self-awareness and social skills supports children's emotional and social development. It omits self-management and empathy, but the main claim remains intact and the question asks generally about support in everyday life, so this is semantically equivalent enough."
Why should children be taught emotional intelligence skills such as self-awareness and empathy?,13,good,"The AI answer conveys the same core idea as the ground truth: teaching self-awareness, self-management, empathy, and social skills supports children's emotional and social development. The added detail about managing emotions and reducing harmful behavior is compatible and does not change the meaning."
How does neuroplasticity help the brain change based on repeated experiences and practice?,14,good,The AI answer matches the ground truth exactly in meaning and wording. It correctly states that neuroplasticity allows the brain to shape itself according to repeated experiences and practice.
In what way does neuroplasticity support emotional learning and growth?,14,good,"The AI answer preserves the core meaning of the original: neuroplasticity enables the brain to change based on repeated experiences and practice, which supports emotional learning and growth. It is semantically equivalent."
Why is repeated practice important for the brain when it comes to self-awareness?,14,good,The AI answer conveys the same core idea as the ground truth: repeated practice matters because neuroplasticity lets repeated experiences shape the brain. The added mention of emotional and social skills is extra but not contradictory.
How can the brain shape itself through experience and repetition?,14,good,The AI answer conveys the same core idea as the ground truth: neuroplasticity lets the brain change/shape itself through repeated experiences and practice. It is semantically equivalent.
What role does neuroplasticity play in learning from emotions over time?,14,good,The AI answer preserves the core idea of the ground truth: neuroplasticity lets the brain change based on repeated experiences and practice. It also correctly connects this to learning from emotions over time. Semantically equivalent.
"How much did the school programs reduce antisocial behavior, like disruption and violence, according to the study?",15,good,"The AI answer matches the ground truth exactly in meaning and key detail: it states a 10 percent reduction in antisocial behavior, including disruption and violence. No important information is missing or incorrect."
What kind of effect did social and emotional learning have on antisocial behavior at school?,15,good,"The AI answer matches the ground truth: it states that social and emotional learning was associated with a 10 percent reduction in antisocial behavior, specifically including disruption and violence. No key information is missing or contradicted."
"Did the programs linked to social and emotional learning actually cut down on disruptive or violent behavior in schools, and by how much?",15,good,"The AI answer matches the ground truth: it states the programs were associated with a 10 percent reduction in antisocial behavior, including disruptive and violent behavior in schools. This is semantically equivalent and accurate."
"In the research, what was the reported change in antisocial behavior after the school programs were used?",15,good,"The AI answer correctly states the reported 10 percent reduction in antisocial behavior. It omits the examples of disruption and violence, but that detail is not necessary for semantic equivalence to the key point asked."
How effective were the school-based social and emotional learning programs at reducing bad behavior in class and at school?,15,good,"The AI answer matches the ground truth: it states the programs were associated with a 10 percent reduction in antisocial behavior, including disruption and violence. This preserves the key information and meaning."
How much did the social and emotional learning programs increase prosocial behaviors like liking school and behaving well?,16,good,"The AI answer matches the ground truth: it states that the programs were associated with a 10 percent increase in prosocial behaviors such as liking school and behaving well. Same key information, no contradiction."
What kind of change in behavior was linked to the programs discussed in the video?,16,good,"The AI answer matches the ground truth: it states that the programs were linked to a 10 percent increase in behaviors such as liking school and behaving well. 'Prosocial behavior' is a reasonable paraphrase of the described behaviors, so the meaning is preserved."
Did the social and emotional learning programs have a noticeable effect on students' attitudes and behavior?,16,good,"The AI answer preserves the key point from the ground truth: the programs were associated with a 10% increase in behaviors such as liking school and behaving well. It adds an extra claim about a reduction in antisocial behavior, which is not in the original answer, but that does not contradict the core information. The semantic equivalence is good."
By how much did behaviors such as liking school and acting well go up after these programs?,16,good,The AI answer matches the ground truth by stating that behaviors such as liking school and behaving well increased by 10 percent after the programs. This preserves the key quantitative information and meaning.
What happened to prosocial behavior when students took part in the social and emotional learning programs?,16,good,The AI answer captures the key point from the ground truth: participation in the social and emotional learning programs was associated with about a 10 percent increase in prosocial behaviors. It omits the examples ('liking school and behaving well') but preserves the main result accurately.
How much did the social and emotional learning programs improve academic achievement scores?,17,good,The AI answer matches the ground truth exactly in meaning and key statistic: an 11 percent increase in academic achievement scores. No discrepancy present.
What effect were the programs discussed said to have on students' academic performance?,17,good,The AI answer matches the ground truth exactly in meaning: it states that the programs were associated with an 11 percent increase in academic achievement scores. No key information is missing or incorrect.
By how much did academic achievement scores increase with those social and emotional learning programs?,17,good,The AI answer matches the ground truth exactly in substance: it states that academic achievement scores increased by 11 percent. No key information is missing or altered.
"Did the programs in the video actually lead to better academic scores, and if so, how much?",17,good,The AI answer matches the ground truth in meaning and quantifies the effect correctly as an 11% increase in academic achievement scores. This is semantically equivalent.
What was the reported change in achievement scores from the social and emotional learning programs?,17,good,"The AI answer matches the ground truth exactly in meaning, stating that the social and emotional learning programs were associated with an 11 percent increase in academic achievement scores."
How does executive function help with managing emotions and staying in control of your attention?,18,good,"The AI answer matches the ground truth exactly, conveying that executive function helps manage emotions and direct attention."
In what way does executive function support emotional self-management and focus?,18,good,"The AI answer is semantically equivalent to the original. It states that executive function helps manage emotions and direct attention, matching the ground truth exactly in meaning."
Why is executive function important for handling emotions and directing attention?,18,good,The AI answer states the same core idea as the ground truth: executive function helps manage emotions and direct attention. It is semantically equivalent and complete.
How can executive function make it easier to manage feelings and pay attention?,18,good,The AI answer matches the ground truth exactly in meaning and wording: executive function helps manage emotions and direct attention. No key information is missing or incorrect.
What role does executive function play in emotional control and attention management?,18,good,"The AI answer matches the ground truth exactly, conveying that executive function helps manage emotions and direct attention."
"Can emotional intelligence be developed over time with practice, and if so, how does that happen?",19,good,The AI answer matches the original answer exactly in meaning and wording. It correctly says emotional intelligence can be developed over time with practice and explains that it happens by becoming more effective and developing strengths in the emotional areas needed.
Is it possible to strengthen the emotional skills I need most by practicing them regularly?,19,good,The AI answer exactly matches the original answer and preserves the same meaning: regular practice can help develop needed emotional strengths.
Can someone improve their emotional awareness and become more effective at handling feelings?,19,good,"The AI answer matches the ground truth exactly and conveys the same meaning: emotional awareness and handling feelings can improve through practice, leading to strengths in needed emotional areas."
Do emotional intelligence abilities grow as you keep practicing and getting better at them?,19,good,The AI answer matches the original answer exactly in meaning and wording. It affirms that emotional intelligence abilities can grow through practice and improvement.
What kind of progress can you make in emotional intelligence if you focus on the emotional areas that need work?,19,good,"The AI answer preserves the core meaning of the ground truth: by practicing and focusing on needed emotional areas, you can develop strengths there and become more effective. It is semantically equivalent, though slightly more concise and omits the explicit 'as you practice' phrasing. The key point is intact."
"What are the two main ways an emotion can come about, one from automatic reactions and one from thinking things through?",20,good,The AI answer matches the ground truth exactly in meaning: it identifies the two ways as automatic bottom-up and cognitive top-down involving thoughts and interpretations. No key information is missing or altered.
How can emotions be generated through both a bottom-up process and a top-down process?,20,good,The AI answer matches the ground truth: it states that emotions can arise automatically via a bottom-up process or cognitively via a top-down process involving thoughts and interpretations. This preserves the key meaning accurately.
What does it mean for an emotion to arise automatically versus being shaped by thoughts and interpretations?,20,good,"The AI answer preserves the core distinction from the ground truth: automatic emotions arise via a bottom-up process, while emotions shaped by thoughts and interpretations arise via a top-down cognitive process. This is semantically equivalent and correct."
Can you explain the two routes that produce emotion: one driven by direct reactions and one driven by cognition?,20,bad,"The ground truth explains that emotion can be produced via two routes: an automatic bottom-up/direct reaction route and a cognitive top-down route involving thoughts and interpretations. The AI answer says only 'I don't know,' which fails to convey the required information and is not semantically equivalent."
"In what two ways can an emotion be formed, especially if one is automatic and the other depends on how we interpret things?",20,good,The AI answer matches the ground truth: it identifies the two ways emotion can arise as an automatic bottom-up process and a cognitive top-down process based on thoughts and interpretations. This is semantically equivalent.
What’s the difference between an emotion and a feeling when it comes to being automatic or spontaneous?,21,good,The AI answer matches the ground truth exactly and conveys the same distinction between emotion and feeling.
How is a feeling different from an emotion if it includes thinking about what you’re experiencing?,21,good,"The AI answer matches the ground truth: it states that feelings involve thinking about and interpreting the experience, while emotions are more automatic, spontaneous, and momentary. This preserves the key distinction and is semantically equivalent."
"Why are emotions described as momentary, while feelings seem to last longer?",21,bad,"The AI answer does not convey the ground-truth explanation that emotions are automatic/spontaneous/momentary while feelings involve interpretation and thus last longer. It simply says it does not know, which misses the key point."
Can you explain the line between an immediate emotional reaction and the way we interpret it afterward?,21,good,"The AI answer preserves the core distinction from the ground truth: emotions are immediate, automatic, and momentary, while feelings involve later interpretation and thought about the experience. It conveys the same key idea clearly and accurately."
"In simple terms, what makes an emotion different from a feeling?",21,good,The AI answer matches the ground truth: it describes emotions as automatic/immediate and feelings as the thinking/interpretation of the emotional experience. This is semantically equivalent and preserves the key distinction.
"Can the same physical feeling mean different things emotionally, like butterflies in your stomach being attraction, anxiety, or sickness?",22,good,"The AI answer preserves the core meaning of the original: the same bodily sensation can be interpreted as attraction, anxiety, or illness. It is semantically equivalent and accurate."
How can one body sensation end up being linked to more than one emotion or state of mind?,22,bad,"The ground truth says yes and gives examples showing the same body sensation can be linked to multiple emotions or states of mind. The AI answer says 'I don't know,' which fails to convey the key point and is incorrect."
Is it normal to read the same physical sign as excitement one time and worry the next?,22,good,"The AI answer matches the ground truth. It affirms that the same physical sign can be interpreted differently at different times and gives the same example of butterflies in the stomach being read as attraction, anxiety, or illness. The meaning is preserved."
"Why do sensations in the stomach sometimes feel like attraction, other times like anxiety, and other times like getting sick?",22,good,"The AI answer preserves the core idea from the ground truth: the same stomach sensation can be interpreted as attraction, anxiety, or illness, with the same example given. It is semantically equivalent."
Can a single sensation in your body have more than one emotional meaning depending on the situation?,22,good,"The AI answer matches the ground truth: it answers yes and gives the same example that one bodily sensation can be interpreted as attraction, anxiety, or illness depending on context."
How do thoughts and emotions affect each other in everyday situations?,23,good,"The AI answer preserves the key idea from the ground truth: emotions can produce thoughts, and thoughts about a situation can generate emotions. This is semantically equivalent, with only minor rephrasing."
"Can an emotion trigger specific thoughts, and can those thoughts create a feeling too?",23,good,The AI answer matches the original answer in meaning and wording: it affirms that emotions can trigger specific thoughts and that thoughts can also generate emotions. No key information is missing or altered.
In what way do our thoughts about something change how we feel about it?,23,good,"The original answer says two things: emotions can produce thoughts, and thoughts can also generate emotional responses. The AI answer includes the second key point, which directly answers the question about how thoughts change how we feel. It omits the first clause, but that omission does not alter the core meaning relevant to the question."
"Is it possible for emotions to lead to thoughts, and for thoughts to lead back to emotions?",23,good,"The AI answer matches the ground truth exactly in meaning: emotions can lead to thoughts, and thoughts can in turn generate emotions. No key information is missing or contradicted."
How can thinking about a situation shape the emotional response we have to it?,23,good,"The AI answer preserves the core idea from the ground truth: thoughts about a situation can generate or shape an emotional response. It omits the first clause that emotions can also produce particular thoughts, but the question specifically asks how thinking shapes emotion, so the essential meaning is captured accurately."
Why is self-awareness considered the foundation of emotional intelligence?,24,good,The AI answer matches the ground truth exactly in meaning: it states that self-awareness is foundational because one must recognize and understand emotions before managing them effectively.
How does recognizing an emotion first help you manage it better?,24,good,"The AI answer conveys the key idea that recognizing/understanding an emotion makes it easier to manage. Although it adds that the emotion may decrease in intensity, which is not stated in the ground truth, it is compatible with the underlying point and does not change the meaning. It preserves the core answer that awareness comes before effective management."
What makes self-awareness so important when it comes to emotional intelligence?,24,good,The AI answer conveys the same key idea as the ground truth: self-awareness is foundational to emotional intelligence because recognizing and understanding an emotion must come before managing it effectively. It is semantically equivalent.
Why do you need to understand your emotions before you can control them?,24,good,The AI answer matches the core idea of the ground truth: self-awareness/understanding an emotion is necessary before managing or controlling it. It conveys that you must identify what you feel before you can regulate it effectively.
How is self-awareness connected to managing emotions effectively?,24,good,The AI answer preserves the core meaning of the ground truth: self-awareness is the foundation for effective emotion management because one must recognize and understand an emotion first. The added phrase about emotional intelligence does not change the substance.
What happens when someone is emotionally unconscious and doesn't notice what they're feeling?,25,good,The AI answer matches the ground truth exactly in meaning and wording. It correctly explains that the person experiences emotions and reacts without noticing their feelings or influences.
"If you're emotionally unconscious, how do you react to situations without realizing what's influencing you?",25,good,"The AI answer preserves the core meaning of the ground truth: an emotionally unconscious person reacts to situations while not noticing their feelings or the influences behind those reactions. It omits the introductory phrasing about 'experiencing emotions,' but the key idea remains intact."
How does emotional unconsciousness show up in everyday reactions and feelings?,25,bad,"The AI answer does not convey the ground truth explanation that emotional unconsciousness involves experiencing emotions and reacting without noticing what you feel or what influences you. It explicitly says 'I don't know,' so it misses the key point entirely."
What does it mean when a person experiences emotions but isn't aware of them?,25,good,"The AI answer preserves the core meaning of the original: emotions are present and influencing reactions, but the person is not aware of or understanding them. This is semantically equivalent."
"When you're not noticing your own emotions, what kind of behavior or reaction happens?",25,good,"The AI answer matches the ground truth exactly in meaning and wording. It states that a person experiences emotions and reacts to situations without noticing what they are feeling or what is influencing them, which directly answers the question."
"What do you start noticing once you’re aware of outside emotional triggers, like a presentation or someone else’s sadness?",26,good,"The AI answer matches the original answer in meaning and wording, preserving the key point that awareness of outside emotional triggers leads you to notice situations that may affect you, like an upcoming presentation or someone else's sadness."
How does awareness of external emotional cues change what situations you pay attention to?,26,good,"The AI answer matches the original answer exactly in meaning and wording, including the examples of an upcoming presentation and another person's sadness. It conveys the same key point about increased attention to situations that may affect you."
"If you become aware of emotions coming from outside yourself, what kinds of events might you notice more easily?",26,good,"The AI answer preserves the key meaning of the original: becoming aware of external emotions leads to noticing situations that may affect you, with the same examples of an upcoming presentation and another person's sadness. This is semantically equivalent."
What happens when outside emotional situations start affecting your awareness?,26,good,"The AI answer matches the original answer exactly in meaning and wording. It conveys the same key point about becoming aware of situations that may affect you, with the same examples."
"When you notice external emotional stimuli, what kinds of things can suddenly stand out to you?",26,good,"The AI answer preserves the core meaning of the original: noticing situations that may affect you, with the same examples of an upcoming presentation and another person’s sadness. It is semantically equivalent."
What questions can help me move from awareness to self-awareness when I’m feeling uneasy or emotional?,27,good,"The AI answer preserves the key idea from the ground truth: to move toward self-awareness, ask why you feel specific emotions and what may have caused them. It adds a general opening question, but that is consistent and does not change the meaning."
"How can I figure out why I feel afraid, guilty, sad, angry, or irritated?",27,good,"The AI answer matches the ground truth in meaning and wording, stating that you can ask why you feel those emotions and what may have caused them. No key information is missing or incorrect."
What should I ask myself to understand what caused a strong emotion?,27,good,"The AI answer preserves the core meaning of the original: it recommends asking why you feel the emotion and what caused it. The original gives examples of specific emotions, but those are not essential to the answer. Semantically equivalent."
How do I turn simple awareness into real self-awareness by questioning my feelings?,27,good,"The AI answer conveys the same core idea: turning simple awareness into self-awareness by questioning why you think, feel, or act a certain way to uncover motives. The original specifically mentions asking why you feel afraid, guilty, sad, angry, or irritated and what caused those emotions. The AI answer is broader but semantically equivalent and correct."
What are some good self-reflection questions for finding the cause of my emotions?,27,good,"The AI answer captures the same core idea as the ground truth: using self-reflection questions to identify what emotion you are feeling and why you are feeling it. While it is more minimal and does not list specific emotions like afraid, guilty, sad, angry, or irritated, it still conveys the essential method for finding the cause of emotions."
What does meta-self-awareness mean when someone is noticing their own thoughts and feelings while thinking about them?,28,good,"The AI answer matches the ground truth exactly in meaning and wording. It correctly states that meta-self-awareness is recognizing that you are actively reflecting on your own thoughts, emotions, and behavior."
"How would you explain meta-self-awareness in simple words, especially when a person is aware of reflecting on themselves?",28,good,"The AI answer captures the core idea of meta-self-awareness: being aware that you are reflecting on your own thoughts, feelings, and behavior. It matches the ground truth and adds an accurate simple explanation."
"Can you define meta-self-awareness as being conscious of your own thoughts, emotions, and actions at the same time?",28,good,"The AI answer conveys the same meaning as the ground truth: meta-self-awareness is recognizing that you are actively reflecting on your own thoughts, emotions, and behavior. The added wording about context does not change the core definition."
Is meta-self-awareness the ability to realize that you're actively examining your own mind and behavior?,28,good,"The AI answer matches the ground truth in meaning. It affirms that meta-self-awareness is recognizing active reflection on one's own thoughts, emotions, and behavior, which is semantically equivalent to the original answer."
"What does it mean to be self-aware of the fact that you're reflecting on your thoughts, emotions, and behavior?",28,good,"The AI answer matches the ground truth exactly in meaning, including the key term and definition. No discrepancy in core content."
How is self-reflection different from rumination when it comes to thinking about yourself?,29,good,"The AI answer matches the original answer exactly in meaning and wording, correctly contrasting self-reflection with rumination."
"What makes self-reflection helpful for learning and getting better, instead of just overthinking?",29,good,"The AI answer preserves the key distinction: self-reflection driven by curiosity supports learning and improvement, whereas rumination leads to repetitive negative thinking. It is semantically equivalent to the ground truth."
Why does rumination feel so repetitive and negative compared with self-reflection?,29,good,"The AI answer conveys the same distinction as the ground truth: rumination is repetitive negative thinking, while self-reflection is curious and geared toward learning and improvement. It is semantically equivalent."
In what way does curiosity change self-reflection into something useful?,29,good,"The AI answer preserves the key idea from the original: curiosity turns self-reflection into a productive process of learning and improvement, whereas the harmful alternative is repetitive negative thinking/rumination. This is semantically equivalent, though phrased more concisely."
How can I tell if I'm reflecting on myself or just stuck in rumination?,29,good,The AI answer matches the ground truth exactly and conveys the same distinction between self-reflection and rumination.
Why do I need to identify what emotion I'm feeling before I can regulate it properly?,30,good,"The AI answer preserves the core idea of the ground truth: identifying the specific emotion is necessary in order to choose an appropriate response and regulate it effectively. It does not list examples like anger, sadness, fear, or joy, but that is not required for semantic equivalence."
"What makes it important to tell anger, sadness, fear, and joy apart before responding?",30,good,The AI answer matches the ground truth essentially verbatim and preserves the key point: distinguishing emotions before deciding how to respond.
How can I choose the right way to deal with my feelings if I don't know which emotion it is?,30,good,"The AI answer preserves the key point of the original: you must identify whether the feeling is anger, sadness, fear, joy, or another emotion before selecting an appropriate response. It adds a small amount of extra wording about regulation, but does not change the meaning."
Why is recognizing the exact emotion the first step before trying to calm it down or manage it?,30,good,"The AI answer preserves the core idea of the ground truth: identifying the specific emotion is necessary before selecting an appropriate way to respond or manage it. It is semantically equivalent, though it is more general and does not list example emotions."
"What happens if I try to regulate my emotions without knowing whether it's anger, sadness, fear, or joy?",30,good,The AI answer preserves the core meaning of the ground truth: emotion regulation requires identifying the emotion first in order to choose an appropriate response. It is semantically equivalent.
How does being in a good mood affect the way you judge things compared with being in a bad mood?,31,bad,The AI answer does not address the question or convey the ground truth that a good mood leads to more favorable judgments and a bad mood to less favorable judgments. It is therefore not semantically equivalent.
Can your emotions make you see the same situation more positively or more negatively?,31,good,"The AI answer matches the ground truth: it says emotions can change perception of the same situation toward a more positive or more negative view. This is semantically equivalent, just phrased more generally."
Why do people tend to give better judgments when they feel positive and worse ones when they feel negative?,31,bad,"The AI answer does not address the actual question about why positive feelings lead to better judgments and negative feelings to worse ones. Instead, it talks generally about recognizing feelings and their influence on judgment, which misses the core causal explanation and is not semantically equivalent to the ground truth."
In what way does your emotional state change how favorable or unfavorable your judgment becomes?,31,good,"The AI answer exactly matches the original answer in meaning and wording, correctly stating that positive emotions increase favorability in judgment and negative emotions decrease it."
Does feeling upbeat or down actually influence the conclusions you make about things?,31,good,"The AI answer matches the ground truth: it states that emotional state influences judgment, and implies positive/negative moods affect conclusions. The added note about recognizing feelings is extra but not contradictory."
How does putting a name on what I'm feeling help me see when an emotion is swaying my judgment?,32,good,"The AI answer preserves the core idea: naming the emotion helps you recognize its influence on your judgment and see when it may be biasing your thinking. This is semantically equivalent to the ground truth, with some added elaboration that is consistent with it."
Why does identifying my emotional state make it easier to make a more balanced decision?,32,good,"The AI answer preserves the core idea of the ground truth: identifying your feelings helps you notice the emotion’s influence on judgment, which supports a more balanced decision. It is semantically equivalent and adds acceptable elaboration."
In what way can noticing and naming an emotion reduce emotional bias in the moment?,32,good,The AI answer conveys the same idea as the ground truth: identifying an emotion helps you notice its influence and make a more balanced judgment. It preserves the key point and is semantically equivalent.
How can simply recognizing what I feel change the way I judge a situation?,32,good,"The AI answer preserves the core idea of the ground truth: identifying feelings helps you notice their influence and make a more balanced judgment of the situation. It states that emotions may be affecting your view, which is semantically equivalent."
Why is it useful to label your emotions before deciding anything?,32,good,"The AI answer conveys a related idea: recognizing the emotion helps with choosing an appropriate response and regulating it. This is semantically close to the ground truth, which says labeling emotions helps you recognize their influence and make a more balanced judgment. The core point is preserved, even if phrased differently."
"When I'm tracking an emotional trigger, what details should I write down about when it happened, what caused it, who was there, and how strong it felt?",33,good,"The AI answer captures the same key details as the ground truth: timing, what happened/what caused it, who was involved, and intensity. It omits the explicit separate mention of 'why it happened,' but that is reasonably covered by 'what happened or what caused it.' Semantically equivalent overall."
What info do I need to note for an emotional trigger so I can understand the moment better?,33,good,"The AI answer matches the ground truth exactly, including all requested information about recording emotional triggers: when it occurred, what happened, why it happened, who was involved, and how intense it was."
How should I record an emotional reaction to make it useful for spotting patterns later?,33,bad,"The AI answer includes several useful elements and overlaps with the ground truth on timing and intensity, but it misses key components from the original: why it happened and who was involved. Instead, it adds thoughts, aftermath, and behavior, which are related but not equivalent to the requested core fields. Since the question asks how to record an emotional reaction to make it useful for later pattern spotting, omitting who and why means it is not fully semantically equivalent."
"If I want to track what sets off my emotions, what should I include in the note besides the feeling itself?",33,good,"The AI answer captures most of the key tracking items: timing, what happened, and intensity. It also adds thoughts, aftermath, and behavior, which are reasonable extra details. However, it omits explicit mention of why it happened and who was involved, which are part of the original answer. Still, it broadly conveys the same tracking information for emotional triggers, so it is semantically close enough."
"What are the main things to capture about an emotional trigger, like timing, cause, people involved, and intensity?",33,good,"The AI answer matches the ground truth exactly in meaning and wording, covering timing, cause, people involved, and intensity."
How can an if-then plan help you manage an emotional trigger?,34,good,"The AI answer exactly matches the original answer in meaning and wording, correctly explaining that an if-then plan links a trigger to a prepared response so you can act more intentionally."
"What does an if-then plan do when you already know your trigger, and how does it help you respond more intentionally?",34,good,The AI answer matches the ground truth: it says an if-then plan links a known trigger to a prepared response and helps intentional action rather than automatic reaction. This preserves the core meaning accurately.
Why would pairing a trigger with a prepared response make it easier to handle emotions in the moment?,34,good,The AI answer preserves the key idea of an if-then plan: linking a trigger to a prepared response so you can respond intentionally rather than impulsively. This is semantically equivalent to the ground truth.
How does having a planned reaction ahead of time change what you do when a trigger shows up?,34,good,"The AI answer preserves the core idea of the ground truth: a preplanned reaction links a trigger to a prepared response and makes behavior more intentional when the trigger occurs. It is semantically equivalent, with no important missing or incorrect information."
"In self-awareness, how can a simple if-then setup help you avoid reacting automatically to a trigger?",34,good,"The AI answer preserves the core meaning of the ground truth: an if-then plan links a trigger to a prepared response, enabling more intentional action instead of automatic reaction. This is semantically equivalent."
What are the three metacognitive steps that can help change an emotional pattern?,35,good,"The AI answer matches the ground truth exactly in meaning and content, listing the same three metacognitive steps: planning, monitoring, and evaluating strategy effectiveness."
"How do planning, monitoring, and evaluating work together when you’re trying to change how you react emotionally?",35,good,"The AI answer preserves the core sequence and meaning of the original: plan what to do, monitor the results, and evaluate whether it worked. The added explanation about adjusting the strategy is consistent with the original and does not change the meaning."
"What should I do first, second, and last if I want to use metacognition to shift an emotional habit?",35,bad,"The original answer gives a specific three-step metacognitive process: plan what you will do, monitor the results, and evaluate whether the strategy worked. The AI answer instead describes recognizing triggers, understanding feelings, and choosing a response or if-then plan. While related to self-regulation, it does not match the key steps from the ground truth and omits monitoring and evaluating results. Therefore it is not semantically equivalent."
Can you explain the three-step process for changing an emotional pattern through metacognition?,35,good,"The AI answer matches the ground truth exactly in substance: plan what you will do, monitor the results, and evaluate whether the strategy worked. The added explanatory sentence is consistent and does not alter the meaning."
Which metacognitive steps are used to test whether a strategy for changing emotions actually worked?,35,bad,"The original answer lists three steps: planning what you will do, monitoring the results, and evaluating whether the strategy worked. The AI answer includes only monitoring and evaluating, omitting the planning step. Since the question asks which metacognitive steps are used to test whether a strategy actually worked, the full set from the ground truth includes planning as well, so the answer is incomplete."
"How are emotions like waves in the sense that you can’t always stop them from coming up, but you can learn to handle them better?",36,good,"The AI answer preserves the core meaning of the original: emotions may arise spontaneously and cannot always be prevented, but one can learn to respond to and manage them better. The added details about recognizing and understanding emotions are consistent with that idea."
"What does it mean to say emotional waves can’t always be prevented, but you can still respond to them wisely?",36,good,"The AI answer preserves the core meaning of the original: emotions may arise without being preventable, but one can still respond to and manage them wisely. It is semantically equivalent and adds a bit of detail without changing the meaning."
In what way do feelings compare to waves when it comes to dealing with them instead of trying to block them?,36,good,"The AI answer preserves the core meaning of the original: emotions cannot always be prevented, but one can learn to respond to and navigate them rather than blocking them. It is semantically equivalent and accurate."
How can someone navigate emotional waves rather than trying to avoid every one of them?,36,good,"The AI answer preserves the core meaning of the original: emotional waves cannot always be prevented, but one can learn to respond to and navigate them rather than avoid each one. It is semantically equivalent."
"Why do people say emotions are like waves if they show up on their own, but we can still choose how to react?",36,good,"The AI answer preserves the core meaning of the original: emotions may arise spontaneously, but we can choose how to respond and manage them. It is semantically equivalent."
"When something stressful happens and I can't fix it right away, what should I focus on first?",37,good,"The AI answer matches the ground truth in meaning: it says to first try solving the underlying problem, and if that is not immediately possible, focus on regulating your emotional response. This is semantically equivalent."
How do I handle stress if the problem itself is still there and I have no quick solution?,37,good,"The AI answer captures the key point of the ground truth: when the problem cannot be solved immediately, focus on regulating your emotional response. It adds a brief explanation of emotional self-management, which is consistent and does not change the meaning. It omits the initial suggestion to first try solving the underlying problem, but the core guidance matches the original answer's main actionable advice."
What’s the best thing to do after trying to solve a situation that keeps causing stress?,37,good,"The AI answer captures the key second part of the ground truth: if the situation cannot be changed immediately, regulate your emotional response. However, it omits the first part about first trying to solve the underlying problem. Since the question asks what’s best to do after trying to solve a stressful situation, the core guidance is still present and semantically aligned, though slightly incomplete."
"If I can’t change a stressful situation immediately, how should I manage my reaction to it?",37,good,"The AI answer preserves the key point that if the situation cannot be changed immediately, you should manage or regulate your emotional response. It omits the first sentence about trying to solve the underlying problem first, but the core guidance matches the original answer closely enough."
What should I do with my emotions when a stressful problem can’t be solved right away?,37,good,"The AI answer preserves the core guidance from the original: when the problem cannot be solved immediately, focus on regulating your emotional response. It omits the first clause about trying to solve the underlying problem, but the key point asked about emotions is intact and semantically equivalent enough for this evaluation."
Why can suppressing an emotion be harmful?,38,good,The AI answer exactly matches the ground truth and conveys the same key idea: suppressing emotion can raise physiological activation and interfere with understanding/responding to the emotion's message.
How does suppressing feelings affect your body and mind?,38,bad,"The AI answer does not convey the ground truth. The original answer says suppressing feelings increases physiological activation and blocks understanding/responding to the emotion's message, while the AI says it doesn't know."
What happens when you block an emotion instead of dealing with it?,38,bad,"The AI answer is not semantically equivalent to the ground truth. The original says blocking/suppressing an emotion can increase physiological activation and stop you from understanding or responding to its message. The AI instead says the emotion may decrease and become easier to manage, which is the opposite effect and misses the key point about increased activation and lost insight."
Why is it important to understand the message behind an emotion?,38,good,"The AI answer captures the core idea that emotions carry a message and that understanding it helps you respond appropriately rather than suppressing or blindly reacting. While it does not explicitly mention increased physiological activation, it preserves the main meaning of the original answer."
Can pushing emotions away make it harder to respond in a healthy way?,38,good,"The AI answer matches the core idea of the ground truth: suppressing/pushing away emotions makes healthy responding harder. The original emphasizes increased physiological activation and blocking understanding of the emotion's message; the AI paraphrases this as losing the ability to intentionally choose a regulation strategy. While not identical, it preserves the essential meaning."
How is guilt different from shame when it comes to taking responsibility and fixing things?,39,good,"The AI answer preserves the core distinction from the ground truth: guilt promotes responsibility and corrective action, while shame leads to helplessness and withdrawal. It is semantically equivalent and adds only minor rephrasing."
"Why can guilt push someone to act, while shame makes a person feel powerless or want to hide?",39,good,"The AI answer matches the ground truth in meaning: guilt leads to responsibility and corrective action, while shame leads to feelings of powerlessness and withdrawal/hiding. No key information is missing or incorrect."
What does guilt do that shame usually does not in terms of correcting a mistake?,39,good,"The AI answer captures the key point from the ground truth: guilt promotes responsibility and corrective action. It omits the contrast that shame can lead to powerlessness and withdrawal, but that is extra supporting detail rather than the central answer to the question. Semantically, it matches the core information."
"In what way does shame lead people to withdraw, compared with guilt?",39,good,"The AI answer conveys the same comparison as the ground truth: shame leads to feeling powerless and withdrawal, whereas guilt encourages responsibility and corrective action. It preserves the key semantic content with no contradiction or omission."
"Can guilt be helpful, and can shame make you feel stuck or powerless?",39,good,"The AI answer matches the ground truth exactly in meaning: it affirms that guilt can be helpful by encouraging responsibility and corrective action, and that shame can lead to feeling powerless and withdrawing. No key information is missing or incorrect."
Why do I need to understand myself first if I want to change my habits or behavior?,40,good,The AI answer preserves the core meaning of the ground truth: understanding oneself is necessary because you cannot effectively change behavior you do not recognize or understand. It is semantically equivalent.
How can I change something about my behavior if I don't even recognize it clearly?,40,good,The AI answer matches the original answer exactly in meaning and wording. It correctly states that behavior cannot be effectively changed without recognizing or understanding it.
Is it true that you can't really control a behavior unless you understand it first?,40,good,"The AI answer matches the ground truth: it affirms that you cannot effectively control or change a behavior without first recognizing or understanding it. This preserves the key meaning, with only minor rephrasing."
Why is self-awareness so important before trying to improve your actions?,40,good,"The AI answer preserves the core idea: improvement requires recognizing and understanding the behavior/state first. It frames this in terms of emotions rather than actions, but the semantic point is equivalent enough: you must be aware of something before you can manage or change it effectively."
Can I actually change my behavior without fully understanding what I'm doing now?,40,good,"The AI answer matches the original meaning: it says you cannot effectively control or change behavior without first recognizing or understanding it. This is semantically equivalent to the ground truth, though phrased more directly."
What does knowing yourself actually involve besides just thinking about who you are?,41,good,"The AI answer matches the ground truth exactly in meaning and key elements, listing the same aspects of self-knowledge. It is semantically equivalent."
"When people talk about self-knowledge, what parts of a person are they usually looking at?",41,bad,"The AI answer fails to provide the key components of self-knowledge listed in the ground truth (emotions, thoughts, motives, values, strengths, weaknesses, behavior) and instead says it does not know. It is not semantically equivalent."
"How can I tell if I really understand my own emotions, motives, and values?",41,good,"The AI answer matches the original answer exactly and conveys the same definition of knowing yourself as investigating emotions, thoughts, motives, values, strengths, weaknesses, and behavior."
What does it mean to be aware of your strengths and weaknesses in everyday life?,41,good,"The AI answer captures the core idea of self-awareness regarding strengths and weaknesses, and it aligns with the original answer’s broader notion of knowing yourself. Although it adds practical implications not explicitly stated in the ground truth, it does not contradict it and still conveys the key concept."
"Why is it important to look at your thoughts, feelings, and behavior when trying to know yourself?",41,good,"The original answer says self-knowledge involves investigating emotions, thoughts, motives, values, strengths, weaknesses, and behavior. The AI answer captures the core idea that examining thoughts, feelings, and behavior helps you understand yourself, though it emphasizes change/control rather than listing all components. This is semantically aligned with the key point."
"How can repeatedly asking yourself why you think, feel, or act a certain way help with self-awareness?",42,good,"The AI answer matches the ground truth exactly in meaning and wording: repeatedly asking why you think, feel, or act a certain way helps uncover the motives behind your behavior."
What does it mean to keep questioning your own thoughts and feelings when trying to understand yourself better?,42,bad,"The original answer emphasizes repeatedly asking why you think, feel, or act a certain way in order to uncover the motives behind your behavior. The AI answer captures the broader idea of self-examination, but it does not clearly convey the specific practice of repeatedly questioning your own thoughts and feelings, nor the focus on uncovering underlying motives through that questioning. It is related, but not semantically equivalent enough to the ground truth."
Why does asking yourself the same self-reflective questions again and again reveal hidden motives?,42,good,"The AI answer is semantically equivalent to the ground truth. It preserves the main idea that repeated self-questioning about why one thinks, feels, or acts a certain way helps uncover motives behind behavior."
How can repeated self-questioning uncover the reasons behind your behavior?,42,good,The AI answer exactly matches the ground truth and conveys the same meaning: repeated self-questioning helps uncover the motives behind your behavior.
In what way does asking why you behave a certain way help you understand your motives?,42,good,"The AI answer preserves the core meaning of the original: repeatedly asking why you think, feel, or act a certain way helps uncover the motives behind your behavior. It is semantically equivalent, though slightly less detailed."
Why do you have to notice that a behavior is harmful before you can really change it?,43,good,"The AI answer preserves the exact meaning of the ground truth: awareness of harm is necessary because without recognizing the behavior as harmful, change is unlikely. It is semantically equivalent."
What happens if someone never realizes their behavior is causing harm?,43,good,"The AI answer conveys the same core meaning as the ground truth: without recognizing the behavior is harmful, change is unlikely. It is semantically equivalent."
Is it possible to change a bad habit without first recognizing it as harmful?,43,good,"The AI answer matches the ground truth exactly in meaning. It correctly states that without recognizing a behavior as harmful, one is unlikely to change it."
Why does awareness of a harmful action matter so much for making changes?,43,good,"The AI answer preserves the exact core meaning of the ground truth: awareness that the behavior is harmful is necessary because without recognizing harm, change is unlikely. It is semantically equivalent."
What makes people less likely to act on a behavior if they don't see it as harmful?,43,good,The AI answer matches the original answer exactly in meaning and wording. It correctly states that failing to recognize a behavior as harmful makes one unlikely to take action to change it.
What can I ask myself to figure out what causes my stress the most?,44,good,"The AI answer matches the ground truth almost exactly, preserving the key prompts to identify stressors, triggering people, and situations/times when stress occurs."
How do I tell which people tend to trigger my stress?,44,good,"The AI answer preserves the core advice: identify which people trigger stress and observe when or in what situations it occurs. It is semantically equivalent to the original, with only a slight rephrasing and added note about spotting patterns."
What questions help me notice the times when my stress shows up?,44,good,"The AI answer matches the original answer exactly in meaning and wording. It includes the key questions: what causes stress, which people trigger it, and when/where it occurs."
How can I identify the situations where I usually feel stressed?,44,good,"The original answer advises identifying stress patterns by asking what causes the most stress, which people trigger it, and at what times or situations it occurs. The AI answer suggests repeatedly asking why you think, feel, or act in certain ways to uncover motives and identify stressful situations. This is broadly aligned, but it is less direct and does not explicitly mention people, times, or situations as the key way to identify stress triggers. Still, it conveys the same general method of self-reflection to find stressors."
What are some good questions to understand my stress patterns better?,44,good,"The AI answer preserves the key points from the ground truth: identify what causes the most stress, which people trigger it, and when/under what situations it occurs. It rephrases the original into clearer bullet questions without changing meaning."
How does recognizing your emotions help strengthen self-awareness in daily life?,45,good,The AI answer matches the ground truth exactly in meaning and wording. It correctly states that recognizing emotions helps you understand your current state and how it may influence perception and behavior.
In what way does understanding your current emotional state affect how you see things and act?,45,good,"The AI answer preserves the core meaning of the original: recognizing/understanding one's emotions reveals how they influence perception and behavior. It is semantically equivalent, with only minor wording changes."
Why is it important to notice your feelings if you want to improve self-awareness?,45,bad,"The original answer says noticing feelings helps you understand your current state and how it influences perception and behavior. The AI answer says you must recognize and understand an emotion before managing it effectively. This is related, but it shifts the focus from self-awareness and understanding influence on perception/behavior to emotion management. It misses the key point about perceiving your current state and its effect on behavior."
How can being aware of your emotions change your perception and behavior?,45,good,The AI answer preserves the exact core meaning of the ground truth: recognizing/being aware of emotions helps you understand your current state and its influence on perception and behavior. No key information is missing or incorrect.
What does it mean for self-awareness when you understand your current mood and its influence?,45,good,"The AI answer preserves the core meaning of the ground truth: recognizing your emotions/current mood and understanding its influence on perception and behavior. This is semantically equivalent, with only a slight wording change."
Why is it so hard to handle irritation if I keep telling myself I’m not irritated?,46,good,The AI answer matches the ground truth in meaning and wording. It preserves the key point that denying irritation prevents intentional regulation strategies.
What makes regulating irritation difficult when someone refuses to admit they feel it?,46,good,The AI answer preserves the key meaning of the ground truth: denying irritation prevents intentional selection of a regulation strategy. It is semantically equivalent.
"If I deny being irritated, why can’t I just pick a way to calm it down?",46,good,The AI answer preserves the core meaning of the ground truth exactly: denying irritation prevents intentional selection of a regulation strategy. It is semantically equivalent.
How does not acknowledging irritation get in the way of managing it on purpose?,46,good,The AI answer conveys the same meaning as the ground truth: denying or not acknowledging irritation prevents intentional selection of a strategy to regulate it. It is semantically equivalent.
Why do I lose the ability to control irritation when I pretend it isn’t there?,46,good,The AI answer preserves the core meaning of the original: denying or pretending irritation is absent prevents intentional selection of a regulation strategy. It is semantically equivalent and concise.
Can emotions change the way you decide things even if you think you're being objective?,47,good,The AI answer matches the ground truth in meaning and wording. It correctly states that emotions can influence perception and decisions even when one believes they are being objective.
Is it possible for feelings to affect your judgment without you noticing it?,47,good,"The AI answer preserves the exact core meaning of the ground truth: feelings/emotions can influence perception and decisions without awareness, even when one believes judgment is objective. It is semantically equivalent."
Do emotions influence perception and choices before you become aware of it?,47,good,"The AI answer matches the ground truth in meaning and wording. It correctly affirms that emotions can influence perception and decisions before conscious awareness, even when judgment seems objective."
Can your decisions be swayed by emotions even when you believe you're thinking clearly?,47,good,The AI answer matches the ground truth in meaning and wording. It correctly affirms that emotions can influence perception and decisions even when one believes judgment is objective.
Does being unaware of your emotions mean they can't shape what you decide?,47,good,"The AI answer preserves the core claim from the ground truth: emotions can still influence perception and decisions even without awareness. However, it changes the explicit yes/no framing to 'No,' which is consistent with the question and the explanatory sentence. Semantically equivalent."
How does naming an emotion help you make a better decision or judge a situation more clearly?,48,good,The AI answer preserves the key idea from the ground truth: identifying/naming the emotion lets you notice its influence and evaluate the situation more consistently. The added phrase about making a more balanced decision is compatible and does not change the meaning.
Why would spotting what you’re feeling make your decisions more consistent?,48,good,The AI answer preserves the core meaning of the ground truth: recognizing emotions lets you notice their influence on judgment/choices and leads to more consistent decisions. This is semantically equivalent.
What’s the benefit of identifying an emotion before deciding something important?,48,good,The AI answer conveys the same core idea as the ground truth: recognizing the emotion lets you notice its influence and evaluate the situation more consistently before deciding. It is semantically equivalent and includes all key points.
How can recognizing your emotion stop it from affecting your choice too much?,48,good,"The AI answer preserves the key idea: recognizing an emotion makes you aware of its influence on judgment and helps you account for it, rather than letting it overly affect decisions. This is semantically equivalent to the original answer’s point about noticing its possible influence and evaluating the situation more consistently."
In what way does understanding your own emotion improve the quality of a decision?,48,good,"The AI answer matches the ground truth almost exactly. It states that understanding your own emotion helps you notice its possible influence and evaluate the situation more consistently, which preserves the key idea and wording."
Why is it a good idea to practice emotional skills before a crisis happens?,49,good,The AI answer preserves the original meaning: practicing emotional skills in advance helps one recognize emotional patterns and respond more effectively during intense situations. It adds minor wording changes but no factual deviation.
How does preparing ahead of time help you notice your emotional patterns in a stressful moment?,49,good,"The AI answer preserves the core idea: preparing in advance helps you notice emotional patterns during a stressful moment. It adds detail about identifying triggers and situations, which is consistent with the original. Although it is a bit more specific than the ground truth, it is semantically equivalent."
What makes it easier to respond well when an intense situation shows up later?,49,good,The AI answer preserves the original meaning: practicing in advance helps recognize emotional patterns and respond effectively when intense situations arise. The added word 'emotional' does not change the core idea.
Why would practicing emotional skills early make you handle hard situations more effectively?,49,good,"The AI answer preserves the core meaning of the ground truth: early practice helps you recognize emotional patterns and respond more effectively in difficult situations. It is semantically equivalent, with only slight wording changes."
How does training yourself before a crisis improve your reaction when emotions get strong?,49,good,"The AI answer preserves the core idea of the ground truth: advance practice improves recognition of emotional patterns and leads to a better response during intense situations. It adds more detail about awareness of emotions, thoughts, motives, and behavior, which is consistent and not contradictory."
Why does understanding your personal values matter so much for the choices you make?,50,good,"The AI answer preserves the key idea from the ground truth: personal values guide choices, and ignoring them can cause dissatisfaction that may not be immediately understood. It adds a small amount of explanatory detail but does not change the meaning."
How can ignoring your values leave you feeling unhappy without knowing why?,50,good,"The AI answer preserves the core meaning of the ground truth: values guide choices, and ignoring them can cause dissatisfaction/unhappiness without the cause being immediately obvious. It is semantically equivalent and complete."
What role do your values play in guiding everyday decisions?,50,good,"The AI answer captures the main idea that values guide choices and everyday decisions, which aligns with the ground truth. However, it omits the additional point that ignoring values can lead to dissatisfaction that may not be immediately obvious. This omission does not change the core answer, so it is semantically equivalent enough."
Can not paying attention to your values cause dissatisfaction that feels hard to explain?,50,good,The AI answer preserves the core meaning of the ground truth: not paying attention to your values can lead to dissatisfaction that is difficult to explain or identify immediately. It is semantically equivalent.
Why might someone feel off or unfulfilled if they go against their own values?,50,good,The AI answer is identical to the ground truth and preserves the key idea that values guide choices and violating them can cause unclear dissatisfaction or unfulfillment.
How can a lack of challenge make someone feel dissatisfied in everyday life?,51,good,"The AI answer exactly matches the original answer in meaning and wording, conveying that valuing challenge highly can make repetitive, unstimulating work feel dissatisfying."
Why do repetitive tasks often lead to feeling unsatisfied when challenge matters a lot?,51,good,"The AI answer matches the ground truth exactly in meaning and wording. It correctly explains that when challenge is a central value, repetitive work and lack of stimulating activities can cause dissatisfaction."
"If challenge is one of your main values, why would boring work feel so frustrating?",51,good,"The AI answer preserves the core meaning of the ground truth: if challenge is a central value, boring/repetitive work feels frustrating because it lacks stimulation and leads to dissatisfaction. This is semantically equivalent."
What happens when a person who values challenge gets stuck doing the same thing over and over?,51,good,"The AI answer matches the ground truth exactly, conveying that someone who values challenge may feel dissatisfied when stuck in repetitive work without stimulating activities."
How does not having enough stimulating activities affect satisfaction for people who need challenge?,51,good,"The AI answer preserves the core meaning of the ground truth: for people who value challenge, insufficient stimulating activities can lead to dissatisfaction. It is semantically equivalent, with only minor wording changes."
What three areas should I look at if I want to build self-awareness?,52,good,"The AI answer matches the ground truth exactly in meaning and structure: feelings/thoughts/actions, others' perceptions, and strengths/challenges. No key information is missing or altered."
"When trying to understand yourself better, what should you examine about your feelings, thoughts, and actions?",52,bad,"The AI answer includes only one part of the original answer. The ground truth also says to examine how other people perceive you and your strengths and challenges. Since these key points are missing, the answer is incomplete and not semantically equivalent."
How can other people’s perceptions help me become more self-aware?,52,good,"The AI answer preserves the key idea from the ground truth: considering how other people perceive you helps build self-awareness. It mentions blind spots and perception by others, which fits the original answer’s emphasis on examining how others perceive you. It omits the explicit mention of examining your own feelings, thoughts, actions, strengths, and challenges, but the question specifically asks about other people’s perceptions, and the response addresses that core point adequately."
What should I pay attention to in order to recognize my strengths and challenges?,52,good,"The AI answer exactly matches the original answer and conveys the same information about examining feelings, thoughts, actions, others' perceptions, and one's strengths and challenges."
What are the main areas to focus on when developing self-awareness?,52,bad,"The AI answer captures two of the three key areas: internal experience and how others perceive you. However, it omits the third ground-truth component, which is reflecting on your strengths and challenges. Since the original answer explicitly includes that as a main area, the answer is incomplete."
What should I write down in an emotional reaction log after I react strongly to something?,53,good,"The AI answer matches the ground truth key points: timing, antecedents, thoughts, aftermath, intensity, and behavior. It preserves the same meaning with only minor wording changes."
"In a reaction log, what details are most important to capture about the moment before and after the emotion?",53,good,"The AI answer captures the key details from the ground truth: it includes what happened before and after the emotion, and also mentions when it happened, thoughts, intensity, and behavior. This is semantically equivalent."
How can I track the intensity of an emotional response and my behavior in a simple log?,53,good,"The AI answer includes all the key elements from the ground truth: when the reaction happened, what occurred before it, what you thought, what happened afterward, its intensity, and your behavior. The extra example does not change the meaning."
"What should be noted about what happened, what I thought, and what I did after an emotional reaction?",53,bad,"The AI answer captures part of the ground truth: what happened afterward, what you thought, and your behavior. However, it omits several key elements explicitly required in the original answer: when the reaction happened, what occurred before it, and its intensity. Since the question asks what should be noted after an emotional reaction, the full set of items matters, so this is incomplete."
"If I want to understand my emotional triggers better, what information belongs in a log entry?",53,good,"The AI answer matches the original answer exactly, including all key elements of the log entry: timing, antecedents, thoughts, aftermath, intensity, and behavior."
How does low glucose change the way you handle your emotions when you're hungry?,54,bad,"The AI answer does not convey the ground truth at all. The correct response is that low glucose can impair emotional regulation and intensify reactions when hungry, but the AI simply says it doesn't know."
Can being hungry make emotional reactions stronger or harder to control?,54,good,The AI answer conveys the same core idea as the original: hunger/lower glucose can impair emotional regulation and intensify reactions. It is semantically equivalent and even slightly more explicit.
Why does a drop in glucose affect emotional regulation?,54,good,The AI answer matches the ground truth in meaning: it says lower glucose makes emotional regulation more difficult and may increase reaction intensity. This is semantically equivalent.
Does low blood sugar make it tougher to stay calm in emotional situations?,54,bad,"The AI answer does not convey the ground truth. The original says low glucose can make emotional regulation harder and reactions more intense, while the AI says it does not know, which is not semantically equivalent and misses the key point."
What happens to your reactions when hunger lowers glucose levels?,54,good,The AI answer exactly matches the ground truth and conveys the same meaning: hunger-induced lower glucose can impair emotional regulation and intensify reactions.
Why can feedback from other people help me understand myself better when I have blind spots?,55,good,The AI answer preserves the core meaning of the ground truth: other people may notice behaviors and effects that the person cannot see due to blind spots. The added explanation about hidden patterns is consistent and does not change the meaning.
What makes other people notice things about my behavior that I might miss on my own?,55,good,The AI answer exactly matches the original answer and preserves the same meaning: others notice things you miss due to your personal blind spots.
How does outside feedback improve self-awareness if my own view of myself is limited?,55,good,The AI answer preserves the ground truth meaning: outside feedback helps because others can observe behaviors and effects hidden by one's personal blind spots. The added phrasing about filling gaps and giving a more complete picture is consistent and not contradictory.
Why do personal blind spots make other people's observations useful for knowing yourself?,55,good,"The AI answer preserves the core idea of the ground truth: personal blind spots prevent you from seeing certain behaviors/effects, so other people can notice them and help you know yourself better. It is semantically equivalent and adds acceptable elaboration."
Can other people's comments reveal behaviors and effects I can’t easily see myself?,55,good,The AI answer matches the ground truth exactly in meaning: it confirms that other people can notice behaviors and effects you may miss due to personal blind spots. No important information is missing or altered.
What’s the difference between private self-awareness and public self-awareness?,56,good,The AI answer matches the ground truth exactly in meaning and wording. It correctly distinguishes private self-awareness as awareness of one’s internal experience and public self-awareness as awareness of how others perceive you.
How is private self-awareness different from public self-awareness in everyday life?,56,good,"The AI answer matches the ground truth exactly, conveying the same distinction between private self-awareness and public self-awareness."
Can you explain private self-awareness vs public self-awareness in simple terms?,56,good,The AI answer matches the ground truth: it correctly distinguishes private self-awareness as awareness of one's inner experience and public self-awareness as awareness of how others perceive you. The added examples of thoughts and feelings are consistent with the meaning and do not change the core answer.
What does it mean to be privately self-aware compared with being publicly self-aware?,56,bad,The AI answer fails to provide the comparison asked for and does not convey the key distinction between private self-awareness and public self-awareness. It is not semantically equivalent to the ground truth.
How do internal experience and other people’s perception relate to private and public self-awareness?,56,good,The AI answer matches the ground truth exactly in meaning. It correctly identifies private self-awareness as understanding internal experience and public self-awareness as understanding how others perceive you. The added examples of thoughts and feelings are consistent and do not change the meaning.
Why isn’t introspection by itself enough to fully know yourself?,57,good,The AI answer conveys the same key point as the ground truth: introspection can miss personal blind spots that others who know you well may notice. It is semantically equivalent.
What does introspection miss when it comes to self-awareness?,57,good,The AI answer preserves the core meaning of the ground truth: introspection can fail to reveal personal blind spots that are apparent to others who interact with you. This is semantically equivalent.
Why can other people sometimes see things about you that you don’t notice yourself?,57,good,"The AI answer conveys the same core idea as the ground truth: introspection can miss personal blind spots that other people, through regular interaction, can observe. It is semantically equivalent, though phrased more generally."
"Can you be self-aware just by reflecting on your own thoughts, or do you need outside feedback too?",57,bad,The ground truth says introspection alone may miss blind spots and outside feedback from others is useful. The AI answer 'I don’t know.' does not convey this key point and fails to answer the question semantically.
"What are personal blind spots, and why don’t you usually catch them on your own?",57,good,"The AI answer preserves the core meaning of the ground truth: personal blind spots are aspects of oneself that are hard to see, and introspection alone often fails to reveal them, whereas people who regularly interact with you may notice them. This is semantically equivalent and correct."
How can watching a recording of yourself help improve self-awareness?,58,good,"The AI answer conveys the same key point as the ground truth: watching a recording reveals unnoticed gestures, posture, tone, and speaking habits, helping self-awareness. It is semantically equivalent."
What kinds of habits or signals can a self-recording reveal that you might not notice in the moment?,58,good,"The AI answer matches the ground truth closely and preserves the key information: self-recording can reveal gestures, posture, tone, and speaking habits that may not be noticed in the moment."
"Why would seeing yourself on video make you more aware of your gestures, posture, or tone?",58,good,"The AI answer matches the ground truth in meaning. It states that seeing yourself on video can reveal gestures, posture, tone, and speaking habits you were not aware of, which directly answers why it increases self-awareness."
How does recording your own behavior help you spot speaking habits you were unaware of?,58,good,"The AI answer preserves the core idea that recording yourself helps reveal unnoticed speaking habits. It omits gestures, posture, and tone, but still conveys the main point of the ground truth, which is acceptable under the equivalence rules."
In what ways can reviewing a video of yourself make hidden patterns in your behavior easier to notice?,58,good,"The AI answer preserves the core idea that reviewing a video helps you notice hidden patterns in your behavior. It mentions recurring emotions, reactions, habits, and responses, which is semantically consistent with the original's gestures, posture, tone, and speaking habits. Extra detail about objectivity is fine."
How can the stories I tell myself end up limiting self-awareness?,59,good,The AI answer matches the original answer exactly in meaning and wording. It correctly explains that self-protective stories can limit self-awareness by reframing aggressive or inappropriate behavior as honesty or assertiveness.
Why do people sometimes describe aggressive or inappropriate behavior as honesty or assertiveness?,59,good,The AI answer matches the ground truth: it says people do this to protect their self-image and reframe aggressive/inappropriate behavior as honesty or assertiveness. This is semantically equivalent with no missing key point.
In what ways can self-image make us explain our behavior in a biased way?,59,bad,"The original answer explains that self-image can bias our explanations by making us reinterpret negative behavior in a more favorable light, for example calling aggressive or inappropriate behavior honesty or assertiveness. The AI answer says 'I don't know,' which does not convey the required information and misses the key point entirely."
How do the explanations we create about ourselves get in the way of being self-aware?,59,good,"The AI answer matches the ground truth: it says we create self-image-protecting explanations that hinder clear self-awareness, and gives the same example of re-labeling aggressive or inappropriate behavior as honesty or assertiveness. This preserves the key meaning."
Can telling yourself a certain story about your behavior protect your self-image but hide the truth?,59,good,"The AI answer preserves the core meaning of the ground truth: self-protective explanations can mask the truth, with the same example of reframing aggression or inappropriateness as honesty or assertiveness. It is semantically equivalent."
How does emotional intelligence affect the way I manage myself and deal with other people in everyday life?,60,good,The AI answer matches the ground truth exactly in meaning and wording. It correctly states that emotional intelligence affects how effectively you manage yourself and interact with other people.
In what ways is emotional intelligence connected to daily interactions and personal self-control?,60,good,"The AI answer preserves the core meaning of the ground truth: emotional intelligence influences self-management and interactions with others. It also adds a compatible explanation about self-control via emotional self-management, which does not contradict the original and is relevant to the question. Semantically equivalent."
Why does emotional intelligence matter for handling myself and getting along with others?,60,good,The AI answer conveys the same core idea as the ground truth: emotional intelligence affects how effectively you manage yourself and interact with other people. The added sentence about handling emotions and relationships is consistent and does not change the meaning.
How can emotional intelligence influence both self-management and relationships with people?,60,good,"The AI answer includes the ground-truth statement that emotional intelligence affects how effectively you manage yourself and interact with other people. It adds compatible elaboration about self-management and relationships, without changing the meaning. Semantically equivalent."
What role does emotional intelligence play in everyday life when it comes to self-awareness and interaction with others?,60,good,The AI answer includes the core ground-truth statement that emotional intelligence affects how effectively you manage yourself and interact with others. The additional details about recognizing and managing emotions are consistent and do not change the meaning.
What two questions can help you practice self-awareness?,61,good,The AI answer matches the ground truth exactly in meaning and content: it identifies the two self-awareness questions as asking what you are feeling and why you are feeling it.
How can I start being more self-aware with simple questions?,61,good,The AI answer matches the ground truth by giving the same core self-awareness prompts: identify what you are feeling and why you are feeling it. The additional suggested questions are consistent and do not change the meaning.
What should I ask myself to understand my feelings better?,61,bad,"The ground truth specifically says to ask what you are feeling and why you are feeling it. The AI answer includes a broader suggestion about feelings, thoughts, actions, and noticing difficult emotions, but it does not clearly capture the key self-question 'why you are feeling it.' It is related, yet not semantically equivalent enough to the original concise answer."
What questions help me figure out why I feel a certain way?,61,good,The AI answer preserves the core guidance from the original: ask yourself what you are feeling and why you are feeling it. The added examples of specific emotions and causes are consistent and do not change the meaning.
How do I check in with myself and notice what I'm feeling and why?,61,good,The AI answer preserves the core idea of the ground truth: self-check by asking what you are feeling and why you are feeling it. It is semantically equivalent and adds a small explanation without changing meaning.
What abilities can develop from greater self-awareness?,62,good,"The AI answer exactly matches the ground truth and conveys the same abilities that can develop from greater self-awareness: good intuition, better decision-making, and a stronger moral compass."
How can being more self-aware help with intuition and decisions?,62,good,"The AI answer is consistent with the ground truth. It explains that self-awareness helps by providing internal information through recognition of emotions, which can support intuition and improve judgment and choices. This aligns with the original point that greater self-awareness supports good intuition and better decision-making. It does not mention the moral compass, but it is not necessary to capture the main answer to the question asked."
Does self-awareness have anything to do with having a stronger moral compass?,62,good,"The AI answer preserves the core meaning of the ground truth: greater self-awareness can support a stronger moral compass. It omits the additional points about intuition and decision-making, but those are extra details not required for semantic equivalence."
What benefits can you get from increasing your self-awareness?,62,good,"The AI answer matches the ground truth exactly in meaning and key points: it states that increasing self-awareness can support good intuition, better decision-making, and a stronger moral compass. No discrepancies are present."
In what ways can self-awareness improve the way you choose and judge things?,62,bad,"The AI answer captures that self-awareness helps with understanding emotions and supports better intuition and decision-making. However, it omits the original answer's explicit point about a stronger moral compass. Since the question asks broadly how self-awareness can improve choosing and judging, and the original includes moral judgment as a key part, the answer is only partially equivalent."
What is the main goal of managing distressing emotions so they don’t take over?,63,good,The AI answer matches the ground truth exactly in meaning and wording. It correctly states that the goal is to keep distressing emotions from overwhelming you or interfering with what you need to do.
Why is it important to keep upsetting emotions from overwhelming you?,63,good,"The AI answer matches the ground truth in meaning and wording, stating that the goal is to prevent distressing emotions from overwhelming you or interfering with what you need to do. This is semantically equivalent."
How does managing distressing feelings help you stay focused on what you need to do?,63,good,The AI answer restates the ground truth accurately and preserves the key meaning: managing distressing feelings prevents them from overwhelming you or interfering with tasks. It is semantically equivalent.
What are you trying to prevent when you manage distressing emotions?,63,good,The AI answer matches the ground truth exactly in meaning and wording. It correctly states that the goal is to prevent distressing emotions from overwhelming you or interfering with what you need to do.
"In self-awareness, why should distressing emotions not interfere with your actions?",63,good,"The AI answer matches the ground truth in meaning. It states that distressing emotions should not interfere with actions because emotional self-management aims to prevent them from overwhelming you or getting in the way of what you need to do, which is semantically equivalent to the original answer."
Why should you pay attention to difficult emotions instead of pushing them away?,64,good,The AI answer conveys the same key point as the ground truth: difficult emotions should be attended to because they have a function and may contain lessons to understand. It is semantically equivalent.
What is the point of staying attentive when you feel hard emotions?,64,good,"The AI answer matches the ground truth exactly, conveying the same key point that difficult emotions have functions and may contain lessons to understand."
How can difficult emotions actually help you understand yourself better?,64,good,"The AI answer preserves the core meaning of the original: difficult emotions have functions and may contain lessons that help you understand yourself better. It is semantically equivalent, just rephrased."
Do difficult emotions have any purpose or lesson behind them?,64,good,The AI answer preserves the exact meaning of the original: it affirms that difficult emotions have functions and may contain lessons to understand. It is semantically equivalent.
Why is it worth noticing painful emotions instead of ignoring them?,64,good,"The AI answer is semantically aligned with the ground truth. The original says difficult emotions have functions and may contain lessons to understand; the AI states that noticing them helps you manage them and choose a strategy before they overwhelm you, which captures the same core idea that painful emotions should be acknowledged because they carry useful information rather than be ignored. Extra detail does not change the meaning."
How do positive emotions help you take effective action and stay engaged?,65,good,The AI answer conveys the same core idea as the ground truth: positive emotions boost involvement and enthusiasm and support effective action/staying engaged. Adding motivation is consistent and does not change the meaning.
In what way can positive feelings make you more enthusiastic when you’re trying to act on something important?,65,good,"The AI answer conveys the same core idea as the ground truth: positive emotions increase involvement and enthusiasm when acting on something important. It adds motivation, which is compatible with the original meaning, though it omits the explicit idea of aligning actions with passions. The key point is preserved."
Can positive emotions help you line up your actions with what you’re passionate about? How does that work?,65,good,"The AI answer preserves the core meaning of the original: positive emotions increase involvement and enthusiasm and help align actions with passions. It adds motivation and a brief explanation, but this is consistent and does not change the answer."
Why do positive emotions make it easier to get involved and follow through on your goals?,65,good,"The AI answer preserves the core idea from the ground truth: positive emotions increase involvement and enthusiasm, helping actions align with goals and making follow-through easier. It is semantically equivalent and correct."
How can I use positive emotions to act more effectively and do what matters to me?,65,good,"The AI answer preserves the core meaning of the original: positive emotions increase involvement and enthusiasm and help align actions with passions. It adds a bit of extra phrasing about motivation and acting effectively, but nothing contradicts the original."
What is the difference between self-awareness and empathy?,66,good,The AI answer matches the original answer exactly and preserves the key distinction between self-awareness and empathy.
How is self-awareness different from empathy when it comes to noticing feelings?,66,good,"The AI answer matches the ground truth in meaning: self-awareness is noticing one's own feelings, and empathy is noticing another person's feelings. It preserves the key distinction exactly."
Does self-awareness mean recognizing your own feelings rather than someone else’s?,66,good,The AI answer matches the ground truth: it correctly states that self-awareness is recognizing your own feelings and that recognizing someone else’s feelings is empathy. Semantically equivalent.
"Is empathy about understanding another person’s feelings, while self-awareness is about your own?",66,good,The AI answer matches the ground truth: it correctly distinguishes empathy as recognizing another person's feelings and self-awareness as recognizing your own feelings. The added wording 'understanding' does not change the meaning.
Can you explain the contrast between being aware of your feelings and being aware of someone else’s feelings?,66,good,"The AI answer correctly contrasts self-awareness with empathy, matching the ground truth: awareness of your own feelings versus awareness of another person's feelings. It preserves the core meaning and adds a small explanatory detail that does not change the answer."
What abilities help with skilled relationship management?,67,good,"The AI answer lists the same abilities as the ground truth and preserves the core meaning. It is semantically equivalent, just slightly shorter."
Which skills are important for managing relationships well?,67,good,"The AI answer matches the ground truth key skills: self-awareness, self-management/emotional self-management, empathy, and social skills. It conveys the same meaning, with only minor wording differences."
What contributes to being good at relationship management?,67,good,"The AI answer matches the ground truth exactly in meaning and includes all key contributing factors: self-awareness, emotional self-management, empathy, and social skills. It is semantically equivalent."
Which abilities are needed to handle relationships skillfully?,67,good,"The AI answer lists the same abilities as the ground truth: self-awareness, emotional self-management, empathy, and social skills. It preserves the key information and is semantically equivalent, though slightly more terse."
What traits make relationship management more effective?,67,good,"The AI answer matches the ground truth exactly in meaning and content: it lists the same four traits—self-awareness, emotional self-management, empathy, and social skills—as making relationship management more effective."
How does repeated emotional practice change your brain over time?,68,good,The AI answer preserves the core meaning of the original: neuroplasticity allows repeated experiences to shape the brain and improve emotional and social skills. It is semantically equivalent and even slightly more specific without changing the answer.
Why can doing the same emotional exercises again and again make you better at social skills?,68,good,"The AI answer preserves the core idea that repeated emotional practice can improve social skills over time. It does not mention neuroplasticity explicitly, but it conveys the same mechanism in simpler terms by saying repeated practice develops strengths in emotional areas. This is semantically equivalent to the ground truth."
What does it mean that the brain is neuroplastic when it comes to emotions?,68,good,"The AI answer preserves the core meaning of the ground truth: neuroplasticity means repeated experiences can shape the brain and strengthen emotional/social skills. It adds a bit of detail about emotional experiences and practice, but does not change the meaning."
Can repeated experiences actually shape the brain and strengthen emotional skills?,68,good,The AI answer matches the ground truth exactly in meaning: it affirms that repeated experiences can shape the brain due to neuroplasticity and strengthen emotional and social skills. No key information is missing or incorrect.
How does practice with emotions help build stronger social abilities in the brain?,68,good,"The AI answer preserves the core meaning of the original: neuroplasticity means repeated experiences can shape the brain, strengthening emotional and social skills. It is semantically equivalent, with only minor wording changes."
"Which emotional skills should kids be practicing regularly, according to the video?",69,good,"The AI answer matches the ground truth exactly in meaning and lists the same four emotional skills: self-awareness, self-management, empathy, and social skills. The added wording 'regularly' is consistent with the question and does not change the content."
What abilities do children need to work on in a structured way for emotional development?,69,good,"The AI answer matches the ground truth exactly in meaning and content, listing the same four abilities children need to develop in a structured way for emotional development."
"Besides self-awareness, what other social-emotional skills should children practice systematically?",69,good,"The AI answer lists the same additional social-emotional skills as the original answer: self-management, empathy, and social skills. It preserves the key meaning, only omitting the repeated mention of self-awareness, which is already implied by the question."
What four emotional competencies are recommended for children to practice on a regular basis?,69,good,"The AI answer exactly matches the ground truth by listing the same four emotional competencies: self-awareness, self-management, empathy, and social skills."
Which skills help children with emotional growth and should be taught in a systematic way?,69,good,"The AI answer matches the ground truth exactly in meaning and includes all four required skills: self-awareness, self-management, empathy, and social skills. It preserves the key point that these should be taught systematically."
How does emotional learning help kids stay focused and learn better?,70,good,"The AI answer preserves the exact core idea from the ground truth: emotional learning strengthens executive functions, which help children manage emotions and pay attention. The added sentence about staying focused and learning better is consistent with the original meaning."
In what way can learning about emotions improve attention and school performance?,70,good,"The AI answer preserves the core idea from the ground truth: emotional learning strengthens executive functions that help children manage emotions and pay attention. It also reasonably extends this to improved attention and academic performance, which is consistent with the question. Semantically equivalent."
Why would emotional learning make executive functions stronger for children?,70,good,The AI answer conveys the same core idea as the ground truth: emotional learning strengthens executive functions by helping children manage emotions and pay attention. It is semantically equivalent.
How can managing emotions through learning support paying attention in class?,70,good,"The AI answer conveys the same core idea as the ground truth: emotional learning strengthens executive functions, and those help children manage emotions and pay attention. It adds 'in class,' which is consistent with the question, and does not change the meaning."
"What’s the link between emotional learning, self-control, and better learning?",70,good,The AI answer preserves the key point from the ground truth: emotional learning strengthens executive functions that help children manage emotions and pay attention. It also correctly connects this to better self-control and learning. Semantically equivalent with no missing core information.
What kinds of behavior changes and school outcomes can social and emotional learning lead to?,71,good,"The AI answer includes the same core outcomes as the ground truth: less antisocial behavior, more prosocial behavior, and better academic performance. The extra detail about emotion management and attention is consistent and does not change the meaning."
"In schools, does social and emotional learning help reduce antisocial behavior and improve grades?",71,good,"The AI answer preserves the core meaning of the original: SEL can reduce antisocial behavior and improve academic performance. It adds a mention of grades, which is consistent with better academic performance. It omits prosocial behavior, but that is an extra detail rather than the key point. Semantically equivalent."
What are the main benefits of social and emotional learning for students' behavior and academics?,71,good,"The AI answer includes the same three core benefits as the ground truth: less antisocial behavior, more prosocial behavior, and better academic performance. The extra detail about executive functions is additional but not contradictory, so it remains semantically equivalent."
How can social and emotional learning affect both prosocial actions and academic performance at school?,71,good,"The original answer says SEL can contribute to less antisocial behavior, more prosocial behavior, and better academic performance. The AI answer states that SEL increases prosocial behaviors and academic achievement, which matches the key point about prosocial actions and academic performance. It adds specific percentages not present in the ground truth, but that is acceptable as extra detail. It does omit the explicit reduction in antisocial behavior, but the question asks about prosocial actions and academic performance, so the core answer is still conveyed."
What positive results do schools usually see from social and emotional learning programs?,71,good,"The AI answer matches the ground truth exactly in meaning: less antisocial behavior, more prosocial behavior, and better academic performance. It preserves all key points with no contradictions or omissions."
"Does having a higher IQ automatically mean someone is more emotionally intelligent, or are they separate things?",72,good,The AI answer matches the ground truth: it says higher IQ does not automatically imply greater emotional intelligence and that they are separate. The added elaboration is consistent and not misleading.
"If a person's cognitive intelligence goes up, does that mean their emotional intelligence also improves?",72,good,The AI answer matches the ground truth exactly in meaning: it says cognitive intelligence increasing does not necessarily imply emotional intelligence improves. This preserves the key point and is semantically equivalent.
Can someone be very smart academically but still not be emotionally intelligent?,72,bad,"The AI answer directly contradicts the ground truth. The original answer says no: higher academic/cognitive intelligence does not necessarily imply greater emotional intelligence, but the provided AI answer says yes while then giving the correct explanatory sentence. Since the yes/no framing is incorrect relative to the ground truth, it is not semantically equivalent."
"Is there any direct link between IQ and emotional intelligence, or not really?",72,good,"The AI answer preserves the key point of the ground truth: there is no necessary/direct link between IQ and emotional intelligence, and higher cognitive intelligence does not automatically imply higher emotional intelligence. This is semantically equivalent."
Does being more intelligent in the usual sense mean a person will also understand emotions better?,72,good,The AI answer preserves the core meaning of the ground truth: being more cognitively intelligent or having a higher IQ does not necessarily imply better understanding of emotions or greater emotional intelligence. This is semantically equivalent.
What are some examples of emotions getting dangerously out of control?,73,good,"The AI answer directly matches the ground truth by listing the same examples: intergroup wars, intergroup hatred, and familial abuse. It preserves the core meaning and does not omit any key point."
Can emotions show up in harmful ways between groups or families?,73,good,"The AI answer conveys the same core idea as the original and includes the same examples: intergroup wars, intergroup hatred, and familial abuse as dangerous expressions of emotions between groups or families. Semantically equivalent."
What kinds of situations can happen when feelings become destructive?,73,bad,"The original answer gives examples of destructive situations caused by feelings: intergroup wars, intergroup hatred, and familial abuse. The AI answer says 'I don't know,' which does not convey the same information and is incorrect."
"How can intergroup hatred, wars, or abuse be examples of uncontrolled emotions?",73,good,"The AI answer preserves the core meaning of the original: it identifies intergroup hatred, wars, and abuse as examples of emotions being expressed dangerously/uncontrolled. This is semantically equivalent to the ground truth."
What are some real-life examples of emotions being expressed in dangerous ways?,73,good,"The AI answer matches the ground truth exactly in substance, listing the same real-life examples of emotions being expressed dangerously: intergroup wars, intergroup hatred, and familial abuse."
Why is social and emotional learning important to teach in schools and communities?,74,good,"The AI answer includes the original key point that SEL helps people manage emotions more effectively and reduce harmful behavior. It adds extra plausible benefits, but they do not conflict with the ground truth. Semantically equivalent."
How can learning social and emotional skills help people handle feelings better?,74,good,The AI answer matches the ground truth in meaning almost exactly: it says learning social and emotional skills helps people manage emotions more effectively and reduce harmful behavior. No key information is missing or altered.
In what ways does teaching these skills help cut down harmful behavior?,74,good,"The AI answer preserves the core meaning of the original: teaching these skills improves emotion management and thereby reduces harmful behavior. It is semantically equivalent, with no missing key point."
What are the main benefits of teaching social and emotional learning to everyone?,74,good,"The AI answer includes the core ground-truth benefits: better emotion management and reduced harmful behavior. It also adds extra benefits that are plausible and consistent, so it remains semantically equivalent."
Why do people say social and emotional learning should be taught more widely?,74,good,The AI answer conveys the same core idea as the ground truth: teaching social and emotional learning helps people manage emotions more effectively and reduce harmful behavior. It is semantically equivalent.
Which emotional abilities are women generally better at on average?,75,good,The AI answer matches the ground truth exactly in meaning and key information: women are generally better on average in emotional empathy and social skills. No important information is missing or altered.
Do women tend to score higher in emotional empathy and social skills?,75,good,The AI answer matches the ground truth in meaning: it affirms that women tend to score higher on average in emotional empathy and social skills. No key information is missing or contradicted.
What emotional strengths are more common in women compared with men?,75,good,"The AI answer matches the ground truth exactly in meaning, stating that women tend to be stronger on average in emotional empathy and social skills. No key information is missing or changed."
Are women's average strengths more about empathy and social ability?,75,good,The AI answer matches the ground truth: it affirms that women tend to be stronger on average in emotional empathy and social skills. This is semantically equivalent and preserves the key point without contradiction or omission.
"In general, which emotional skills do women seem to have more of?",75,good,The AI answer matches the ground truth exactly in meaning: it states that women tend to be stronger on average in emotional empathy and social skills. No key information is missing or altered.
"On average, which emotional skills are men usually better at, especially when it comes to confidence in groups and handling upsetting feelings?",76,good,"The AI answer matches the ground truth in meaning: it states that men are usually better on average at group self-confidence and managing distressing emotions, which is equivalent to confidence in groups and handling upsetting feelings."
"What emotional abilities tend to be stronger in men overall, based on average differences?",76,good,The AI answer matches the ground truth exactly in meaning: it identifies the same two emotional abilities as stronger on average in men overall. The added formatting does not change the content.
Are men generally more skilled at group self-confidence and managing distressing emotions than women?,76,good,The AI answer matches the ground truth exactly in meaning: it affirms that men tend to be stronger on average in group self-confidence and managing distressing emotions. No key information is missing or contradicted.
"Which emotional strengths are more commonly seen in men on average, according to this record?",76,good,"The AI answer matches the ground truth exactly in meaning, naming the same two emotional strengths more commonly seen in men on average: group self-confidence and managing distressing emotions."
"In what emotional areas do men tend to have an average advantage, like group confidence or dealing with distress?",76,good,The AI answer matches the ground truth exactly in meaning: it identifies the same two emotional areas—group self-confidence and managing distressing emotions—as areas where men tend to have an average advantage. No meaningful information is missing or altered.
"Among the most effective leaders, do men and women differ in emotional abilities at the top level?",77,good,The AI answer matches the ground truth: it states that among the most effective/top leaders there is no difference between men and women in the emotional abilities discussed. This preserves the key meaning exactly.
"In the top 10 percent of leaders, is there any gender gap in the emotional skills mentioned?",77,good,The AI answer matches the ground truth exactly in meaning: it says there is no gender difference among top-10-percent leaders in the emotional abilities discussed. The added 'No.' is consistent and does not change the semantics.
"Do the best leaders still show different emotional intelligence between men and women, or is it basically the same?",77,good,"The AI answer exactly matches the original answer in meaning and wording: it states that among leaders in the top 10 percent, there was no difference between men and women in the emotional abilities discussed."
"For leaders in the top tier, are women and men equally matched on the emotional abilities discussed?",77,good,"The AI answer conveys the same meaning as the ground truth: among leaders in the top 10 percent, men and women did not differ in the emotional abilities discussed. It is semantically equivalent and accurate."
"When you look at the top 10 percent of leaders, does gender affect emotional intelligence at all?",77,good,"The AI answer matches the ground truth in meaning: it states that among leaders in the top 10 percent, there is no difference between men and women in the emotional abilities discussed. This is semantically equivalent, with only minor tense variation."
How can building emotional intelligence help you turn weak spots into strengths over time?,78,good,"The AI answer preserves the core meaning of the ground truth: developing emotional skills can create strengths in needed emotional areas and turn weaknesses into strengths over time. It is semantically equivalent, with only minor rephrasing and extra detail."
What happens to your strengths when you keep improving your emotional skills?,78,good,The AI answer is semantically equivalent to the ground truth. It preserves the key meaning that improving emotional skills leads to developing strengths in the emotional areas needed to become more effective.
Can developing emotional intelligence make you more effective in the areas where you struggle most?,78,good,The AI answer conveys the same meaning as the original: developing skills can help you gain strengths in the emotional areas needed to become more effective. It preserves the key point and adds a confirming 'Yes' without changing the substance.
In what way do emotional skills grow into strengths as you work on them?,78,good,"The AI answer preserves the core meaning of the ground truth: working on emotional skills leads them to develop into strengths in the emotional areas needed for greater effectiveness. It is semantically equivalent, with only minor rephrasing."
Why does getting better at emotional intelligence help you become stronger in the areas you need most?,78,good,The AI answer preserves the core meaning of the original: improving emotional intelligence leads to developing strengths in the emotional areas where you most need effectiveness. It is semantically equivalent despite minor rephrasing.
"Does emotional intelligence show up the same way in every culture, or do people express it differently?",79,good,The AI answer matches the ground truth exactly in meaning and wording. It correctly states that emotional intelligence is universal in its core abilities but can be expressed differently across cultures.
"Are the core skills of emotional intelligence universal across cultures, even if the behavior looks different?",79,good,"The ground truth says 'No' to the question as phrased, then clarifies that the fundamental abilities are universal but their expression differs across cultures. The AI answer flips the initial yes/no, but conveys the same substantive point: core abilities are universal and expression varies by culture. Since the task is semantic equivalence and the key information matches, this should be judged correct."
"Can emotional intelligence mean one thing in all cultures, or does culture change how it appears?",79,good,"The AI answer preserves the original meaning: emotional intelligence is not one single thing in all cultures, because its core abilities are universal while cultural context affects how it is expressed. This is semantically equivalent to the ground truth."
"Is emotional intelligence basically the same everywhere, or are there cultural differences in how it’s expressed?",79,good,"The AI answer matches the ground truth exactly in meaning: it says emotional intelligence is not the same everywhere, because the core abilities are universal while expression can vary across cultures."
"Do people around the world share the same emotional intelligence abilities, even though they may show them in different ways?",79,good,"The AI answer matches the key idea of the ground truth: emotional intelligence abilities are fundamental and universal, but cultural expression can differ. Although it starts with 'Yes' while the ground truth begins with 'No,' the rest of the sentence clearly conveys the intended meaning and is semantically equivalent in context."
Why can someone with a high IQ still make bad decisions or struggle when things get stressful?,80,good,"The AI answer preserves the core idea from the ground truth: high IQ does not prevent poor decisions or difficulties with stress, frustration, and communication. It adds a reasonable explanation about emotions and self-awareness without contradicting the original. Semantically equivalent."
"If a person is really smart, why might they still have trouble dealing with frustration and communication?",80,good,"The AI answer preserves the core meaning of the ground truth: intelligence does not prevent difficulties with stress, frustration, and communication, and smart people can still make poor decisions or struggle in these areas. It is semantically equivalent."
How can someone have a high IQ and still not handle every situation very well?,80,good,"The AI answer matches the ground truth exactly in meaning and wording. It conveys that high IQ does not guarantee good decision-making, stress handling, frustration tolerance, or communication skills."
What does it mean when someone is intelligent but still struggles with stress and making decisions?,80,good,"The AI answer preserves the core idea that someone can be intelligent yet still struggle with stress and decision-making, explaining it as a distinction between cognitive and emotional intelligence. This is semantically equivalent to the ground truth, which says a person can have a high IQ and still make poor decisions or struggle with stress, frustration, and communication."
Why isn't being smart enough on its own to deal with every kind of problem effectively?,80,good,"The AI answer preserves the ground truth meaning: high IQ alone does not ensure effective problem-solving because a person may still make poor decisions and struggle with stress, frustration, and communication. It is semantically equivalent and includes the key points."
What does intelligence mean when we talk about adapting to different situations?,81,good,The AI answer matches the ground truth exactly in meaning and wording. It correctly defines intelligence as the capacity to adapt effectively to different situations.
How is intelligence described if someone can adjust well to new or changing situations?,81,good,"The AI answer matches the ground truth exactly in meaning, stating that intelligence is the capacity to adapt effectively to different situations. No key information is missing or altered."
"In simple terms, what does it mean for intelligence to be the capacity to adapt effectively?",81,good,"The AI answer preserves the core meaning of the ground truth: intelligence as the ability to adapt effectively to different situations. It rephrases this as changing how you think or act to handle different situations well, which is semantically equivalent."
How would you explain intelligence as the ability to deal with different situations?,81,good,The AI answer matches the ground truth in meaning almost exactly: it states that intelligence is the ability to adapt effectively to different situations. This is semantically equivalent.
What does it say about intelligence if it is defined by how well someone adapts?,81,bad,"The AI answer does not convey the ground truth meaning that intelligence is the capacity to adapt effectively to different situations. It says 'I don't know,' which misses the key point entirely."
How do emotional skills help someone deal with frustration and stress when things change?,82,good,"The AI answer captures the core idea that emotional skills help manage frustration and stress and adjust behavior to the situation. It omits the part about relating effectively to others, but that is additional information rather than the key point asked here. Semantically, it is close enough to the ground truth."
In what ways can emotional skills improve how you get along with other people?,82,good,"The AI answer matches the ground truth essentially verbatim and preserves all key points: managing frustration and stress, relating effectively to others, and adjusting behavior to the situation. It is semantically equivalent."
Why are emotional skills useful for adjusting your behavior to different situations?,82,good,"The AI answer preserves the core meaning of the original answer: it states that emotional skills help manage frustration and stress, relate effectively to others, and adjust behavior to the situation. This is semantically equivalent, with only minor wording changes."
How do emotional skills make it easier to adapt when a situation feels difficult or unexpected?,82,good,"The AI answer matches the original answer exactly in meaning and wording. It includes all key points: managing frustration and stress, relating effectively to others, and adjusting behavior to the situation."
What role do emotional skills play in helping a person respond better to changing situations?,82,good,"The AI answer is semantically equivalent to the ground truth. It preserves all key points: managing frustration and stress, relating effectively to others, and adjusting behavior to the situation. Only minor wording changes are present."
How does emotional intelligence help you understand your own emotions and the emotions of other people?,83,good,"The AI answer matches the ground truth closely and preserves the key ideas: recognizing, understanding, and managing one's own emotions, plus recognizing, understanding, and influencing others' emotions. It is semantically equivalent."
In what ways can emotional intelligence improve self-awareness and awareness of others?,83,good,"The AI answer preserves the core meaning of the ground truth: emotional intelligence improves self-awareness through recognizing, understanding, and managing one's own emotions, and improves awareness of others through recognizing, understanding, and influencing others' emotions. This is semantically equivalent."
"Why is emotional intelligence useful for recognizing, understanding, and managing feelings, both yours and someone else's?",83,good,"The AI answer matches the ground truth in meaning and wording. It states that emotional intelligence helps recognize, understand, and manage your own emotions and also recognize, understand, and influence others' emotions."
How can being emotionally intelligent help you influence other people's emotions while staying in control of your own?,83,good,"The AI answer matches the ground truth in meaning: it says emotional intelligence lets you recognize, understand, and manage your own emotions while also recognizing, understanding, and influencing others' emotions. This is semantically equivalent and complete."
"What does emotional intelligence do to help you notice, understand, and handle emotions in yourself and in others?",83,good,"The AI answer matches the ground truth in meaning. It states the same core idea: recognizing, understanding, managing one's own emotions and recognizing, understanding, and influencing others' emotions. The wording is slightly different but semantically equivalent."
How can you use self-awareness when you feel nervous?,84,good,"The AI answer exactly matches the original answer in meaning and wording, conveying both recognizing nervousness and understanding why to choose how to manage its effects."
What should you do first when you notice nervousness in yourself?,84,good,"The original answer says the first step is to recognize nervousness, then also to understand why you feel that way and choose how to manage it. The AI answer includes only the first step, but the user asked what to do first, so this matches the key point exactly. It is semantically equivalent for the asked question."
Why is it helpful to understand the reason you feel nervous?,84,good,"The AI answer captures the core idea of the ground truth: understanding the reason for nervousness helps you decide how to manage its effects. It omits the explicit first step of recognizing that you feel nervous, but that is not essential to the main answer. Semantically equivalent overall."
How does self-awareness help you deal with nervous feelings?,84,good,"The AI answer matches the ground truth in meaning and wording. It states the same two steps: recognize nervousness, then understand its cause and choose how to manage it. No key information is missing."
What’s a good way to manage the effects of nervousness once you notice it?,84,good,"The AI answer matches the original answer semantically and conveys the same steps: recognize nervousness, understand why, and choose how to manage its effects. The minor punctuation difference does not affect meaning."
How can I calm myself down when I get nervous speaking in front of people?,85,good,"The AI answer matches the ground truth exactly in meaning and includes the same three strategies: pausing intentionally, speaking more slowly, and asking the audience questions."
What are some simple ways to handle stage fright during a presentation?,85,bad,"The AI answer does not provide any of the simple ways listed in the ground truth (pause intentionally, speak more slowly, ask the audience questions) and instead says it doesn't know. This misses the key point entirely."
How do I stop rushing my words when I'm speaking to an audience?,85,good,"The AI answer matches the original answer exactly, conveying the same three suggestions for avoiding rushing when speaking to an audience: intentional pauses, slower speech, and asking audience questions."
Can pausing and slowing down really help me feel less nervous while talking to a crowd?,85,good,"The AI answer preserves two key points from the original: intentional pausing and speaking more slowly can help with nervousness while addressing a crowd. It omits asking the audience questions, but that is additional advice rather than the core answer. Semantically, it is equivalent enough."
What can I do to keep my audience engaged while I’m trying not to panic?,85,good,"The AI answer exactly matches the original answer and preserves all key information: pausing intentionally, speaking more slowly, and asking the audience questions to stay engaged while not panicking."
How can you tell when the people you're speaking to are starting to lose interest?,86,good,"The AI answer preserves the key indicators of lost interest—yawning, looking away, and checking phones—and also includes the same suggested response of changing your approach. It is semantically equivalent to the original answer."
What are some signs that an audience is getting bored during a talk or presentation?,86,good,"The AI answer matches the ground truth: it lists yawning, looking away, and checking phones as signs of boredom, and notes that you may need to change your approach. This is semantically equivalent and complete."
"If people keep yawning or looking at their phones, what should you do as a speaker?",86,good,"The AI answer conveys the core idea of the ground truth: noticing disengagement signals like yawning or phone-checking and changing your approach as a speaker. It omits the explicit instruction to look for those behaviors, but it still answers the question correctly and preserves the main actionable advice."
What should you watch for to know whether you need to change your approach mid-presentation?,86,bad,"The AI answer includes the key behaviors from the ground truth, but it omits the concluding guidance to consider whether you need to change your approach mid-presentation. Since the question asks what to watch for to know whether you need to change your approach, the omitted implication is part of the full answer. However, the core indicators are present, so this is close but incomplete."
How do you recognize when listeners are checking out and not paying attention anymore?,86,good,"The AI answer captures the same key indicators of disengagement (yawning, looking away, checking phones) and includes the same implication that you may need to change your approach. It is semantically equivalent to the original answer."
What does every emotion give us besides a feeling?,87,good,"The AI answer matches the ground truth exactly in meaning, stating that every emotion gives us information and a guide for action besides a feeling."
In what two ways do emotions help us?,87,bad,"The ground truth says emotions help us in two ways: they provide information and a guide for action. The AI answer instead says emotions make us involved and motivated/enthusiastic, which is related but does not clearly express the two key functions from the original answer. It misses the informational aspect and the explicit guide-for-action aspect."
What are the two things every emotion provides to a person?,87,good,The AI answer matches the ground truth exactly in meaning: it states that every emotion provides information and a guide for action. No key information is missing or altered.
How do emotions act as both information and a guide for action?,87,good,"The AI answer preserves the core meaning of the ground truth: emotions provide information and guide action. It adds a brief explanation about influencing responses, which is consistent and not contradictory."
Why are emotions useful for what we know and what we do?,87,good,"The AI answer matches the core idea of the ground truth: emotions provide information and guide action. It also adds plausible elaboration about self-knowledge and managing behavior, which does not conflict with the original."
How are emotions like warning lights on a car dashboard?,88,good,The AI answer matches the ground truth exactly in meaning and wording. It conveys that emotions provide information about one's current condition or situation and signal that action may be needed.
What do emotions tell you about your current condition or situation?,88,good,The AI answer preserves the core meaning of the ground truth: emotions communicate information about one’s current condition or situation and can signal that action may be needed. It is semantically equivalent.
Why might an emotion be a sign that some action is needed?,88,good,"The AI answer preserves the core meaning: emotions communicate information/signals that may require a response or action. It is semantically equivalent to the ground truth, though phrased more generally."
How can I tell if a feeling is trying to communicate something important?,88,good,"The ground truth says that each emotion communicates information about your current condition or situation and indicates that an action may be necessary. The AI answer captures this general idea by saying a feeling may communicate something important and suggests pausing to interpret it. It adds an example of sadness, which is compatible with the prompt. Although it is a bit more specific and less general than the original, the core meaning is preserved."
In what way do emotions act like signals that help guide what you do next?,88,good,"The AI answer preserves the key idea that emotions function as signals providing information/feedback that guides behavior and next actions. It is semantically equivalent to the ground truth, though phrased more generally."
What can anger tell me about a situation or another person's behavior?,89,good,The AI answer matches the ground truth in meaning: anger may indicate something seems unjust or that someone is interfering with an important goal. This is semantically equivalent and complete.
How does anger reflect when something feels unfair or blocked?,89,good,"The AI answer preserves the core meaning of the ground truth: anger signals perceived injustice or blockage of an important goal. This is semantically equivalent, with only minor wording differences."
In what way can anger point to injustice or goal interference?,89,good,The AI answer preserves the original meaning: anger can indicate perceived injustice or interference with an important goal. It is semantically equivalent to the ground truth.
What does anger reveal about what I care about or what matters to me?,89,good,"The AI answer preserves the core meaning of the ground truth: anger signals perceived injustice or interference with an important goal, implying what matters to the person. It is semantically equivalent and slightly more explanatory, but not incorrect."
Can anger be a signal that something is unjust or getting in the way of an important goal?,89,good,The AI answer matches the ground truth in meaning and key wording. It correctly states that anger can signal perceived injustice or interference with an important goal.
What does sadness usually tell you about what’s going on in your life?,90,good,The AI answer preserves the core meaning of the original: sadness indicates a loss or the perception of losing something important. It is semantically equivalent and not missing the key point.
How can sadness be a sign that something important is being lost?,90,good,The AI answer preserves the core meaning of the original: sadness may indicate an actual loss or the perception of losing something important. This is semantically equivalent.
In what way does sadness help you notice a loss or possible loss?,90,good,The AI answer exactly matches the original answer in meaning and wording. It correctly states that sadness can indicate a loss or the perception that you are losing something important.
What kind of situation is sadness trying to point out to you?,90,good,"The AI answer matches the ground truth exactly in meaning, stating that sadness indicates a loss or the perception of losing something important."
Why might feeling sad mean that you think something valuable is slipping away?,90,bad,The AI answer does not convey the ground-truth idea that sadness can indicate a loss or the perception of losing something important. Saying 'I don't know' is not semantically equivalent and misses the key point entirely.
What does anxiety tell you about a possible future threat?,91,good,The AI answer matches the ground truth in meaning and wording: anxiety indicates perception of an uncertain or ambiguous future threat. No key information is missing or altered.
How can anxiety signal an uncertain or ambiguous danger ahead?,91,good,"The AI answer matches the ground truth in meaning and wording: it states that anxiety can signal a perceived uncertain or ambiguous future threat, which is semantically equivalent to indicating an uncertain or ambiguous danger ahead."
In what way does anxiety indicate that something bad might happen later?,91,good,The AI answer matches the ground truth exactly in meaning and wording: anxiety indicates perception of an uncertain or ambiguous future threat. No key information is missing or altered.
What kind of future threat can anxiety point to when you feel unsure?,91,good,The AI answer matches the ground truth directly and conveys the same key idea: anxiety can point to an uncertain or ambiguous future threat when you feel unsure.
Why is anxiety sometimes a sign that you see a vague threat in the future?,91,good,"The AI answer is semantically equivalent to the original answer. It states that anxiety can signal perception of an uncertain or ambiguous future threat, matching the ground truth closely."
What can happen if you try to force anxiety away instead of letting it be?,92,good,"The AI answer matches the ground truth exactly, conveying that forcing anxiety away can cause a rebound effect and intensify the anxiety."
Can pushing anxiety away actually make it come back stronger?,92,good,The AI answer matches the ground truth exactly in meaning: it affirms that forcing anxiety away can cause a rebound effect and intensify anxiety.
Why does trying to get rid of anxiety sometimes make it more intense?,92,good,The AI answer preserves the ground truth meaning: forcing anxiety away can cause a rebound effect that intensifies it. This is semantically equivalent and complete.
Is there a rebound effect when you force anxiety away?,92,good,The AI answer matches the ground truth exactly in meaning: forcing anxiety away can trigger a rebound effect and intensify anxiety.
What happens to anxiety when you fight it too hard?,92,good,The AI answer preserves the core meaning of the ground truth: fighting anxiety too hard can cause a rebound effect and intensify it. It is semantically equivalent.
What can happen when you notice an emotion instead of just reacting to it?,93,good,The AI answer matches the ground truth exactly in meaning and wording. It correctly states that noticing an emotion can reduce its intensity and make it easier to manage without necessarily eliminating it.
"If you observe and understand a feeling, does it usually get weaker or stay the same?",93,good,"The AI answer matches the ground truth: it says the feeling usually gets weaker, and explains that observing and understanding it may reduce intensity and make it easier to manage. This preserves the key meaning, including that it may not disappear completely."
Can an emotion become easier to handle after you pay attention to it and understand it?,93,good,"The AI answer matches the ground truth: it says the emotion may decrease in intensity and become easier to manage, while not necessarily disappearing completely. This is semantically equivalent and correct."
What happens to a feeling when you really observe it and make sense of it?,93,good,The AI answer matches the ground truth exactly in meaning and wording. It correctly states that the emotion may lessen and become easier to manage without necessarily disappearing.
"Does understanding an emotion make it go away completely, or just reduce how strong it feels?",93,good,"The AI answer matches the ground truth: understanding an emotion reduces its intensity and makes it easier to manage, but does not necessarily eliminate it completely. This is semantically equivalent."
How can anger push someone to do something constructive instead of just blowing up?,94,good,"The AI answer preserves the full meaning of the ground truth. It lists the same constructive outcomes anger can motivate: restoring justice, removing an obstacle, saying no, and setting/establishing a necessary limit. This is semantically equivalent."
In what ways can anger help a person set a boundary or say no when it’s needed?,94,good,"The AI answer preserves the core idea: anger can motivate establishing a necessary limit and can signal injustice or interference, which supports saying no. This is semantically equivalent to the original answer’s points about restoring justice, removing an obstacle, saying no, or setting a limit."
Can anger actually be useful for restoring justice or fixing something unfair?,94,good,"The AI answer matches the ground truth in meaning and includes the same key points: anger can motivate restoring justice, removing an obstacle, saying no, and establishing a necessary limit. It preserves the core answer accurately."
How does anger turn into action that removes an obstacle or problem?,94,good,"The AI answer matches the ground truth in meaning and key points. It includes the same actions anger can motivate: removing an obstacle, restoring justice, saying no, and setting/establishing a necessary limit. This is semantically equivalent."
Why would anger ever be a helpful signal for self-awareness and limits?,94,good,"The AI answer preserves the core idea that anger can signal boundaries and help with self-awareness. The original answer emphasizes specific functions: restoring justice, removing obstacles, saying no, and establishing limits. The AI response mentions unwanted interference, intentionality, awareness of limits, and what is bothering you, which is semantically aligned though less specific. It does not contradict the ground truth."
How can sadness help someone respond to a loss in a healthy way?,95,good,"The AI answer matches the ground truth almost exactly, preserving all key points: processing the loss, learning from it, temporarily withdrawing, and seeking emotional support. It is semantically equivalent."
In what ways can sadness be useful after you experience a loss?,95,good,"The AI answer matches the ground truth exactly in meaning and key points: processing the loss, learning from it, temporarily withdrawing, and seeking emotional support. No important information is missing or incorrect."
"Can sadness actually help you deal with loss, and if so, how?",95,good,"The AI answer preserves all key points from the ground truth: sadness helps process the loss, learn from it, temporarily withdraw, and seek emotional support. It is semantically equivalent and correct."
What does sadness do for you when you're trying to handle a loss?,95,good,"The AI answer exactly matches the original answer in meaning and wording, including all key functions of sadness when handling a loss."
Why might feeling sad be helpful when you've lost something important?,95,bad,"The AI answer is broadly related but misses the key specific functions from the ground truth: processing the loss, learning from it, temporarily withdrawing, and seeking emotional support. It only gives a vague statement that sadness has a function and may teach you something important, which is not semantically equivalent enough to the original answer."
How can gathering information help reduce anxiety and make it easier to cope with uncertainty?,96,good,"The AI answer preserves the core meaning of the ground truth: gathering information reduces uncertainty, which in turn lowers anxiety and makes coping easier. It is semantically equivalent and complete."
Why does learning more about a situation often make anxiety feel less intense?,96,good,"The AI answer matches the ground truth: it explains that learning more reduces uncertainty/ambiguity, which lowers anxiety. This preserves the key causal relationship and adds no contradiction."
In what way does reducing uncertainty help someone manage anxious feelings better?,96,good,"The AI answer preserves the core meaning of the ground truth: reducing uncertainty lowers the intensity of anxiety, which helps manage anxious feelings better. It omits the explicit mention that gathering information is the way uncertainty is reduced, but that detail is not essential to the asked question."
"Can getting more information actually lower anxiety, and if so, how does that work?",96,good,"The AI answer matches the ground truth: it says that getting more information can lower anxiety by reducing uncertainty. It also adds a reasonable explanation about uncertainty and perceived threats, which is consistent with the original answer."
"Why is uncertainty such a big part of anxiety, and how can information help with it?",96,good,"The AI answer preserves the core idea of the ground truth: uncertainty contributes to anxiety, and gaining information reduces uncertainty and can lessen anxiety. It is semantically equivalent, with only extra explanatory detail."
What’s the difference between feeling irritated and feeling angry when something gets in your way?,97,good,"The AI answer preserves the core distinction from the ground truth: irritation is tied to unwanted interference, while anger arises more when the interference is perceived as intentional. It is semantically equivalent and accurate."
How does irritation differ from anger in terms of whether the problem seems intentional or not?,97,good,"The AI answer preserves the key distinction from the ground truth: irritation involves unwanted interference, and anger is more likely when the interference is seen as intentional. This is semantically equivalent."
"When someone interferes with you, why would that lead to irritation first and anger only sometimes?",97,good,"The AI answer preserves the key distinction: interference initially causes irritation as an unwanted obstacle, and anger arises only sometimes, particularly when the interference is perceived as intentional. This matches the original meaning closely."
Can you explain the line between an unwanted interruption and a situation that makes you angry?,97,good,"The AI answer preserves the core distinction: irritation comes from unwanted interference/interruption, and anger is more likely when the interference is perceived as intentional. This is semantically equivalent to the ground truth."
Why does anger usually show up more when I think the interference was done on purpose?,97,good,"The AI answer captures the key distinction from the ground truth: irritation is about unwanted interference, while anger is more likely when the interference is seen as intentional. The extra mention of injustice is consistent and does not change the meaning."
What is the difference between irritation and frustration when something gets in your way?,98,bad,"The AI answer does not convey the ground truth. The correct distinction is that irritation is tied to an external obstacle, while frustration is the feeling of being unable to accomplish something. Saying ""I don’t know"" misses the required information entirely."
How can I tell if I'm just irritated by an outside obstacle or actually frustrated because I can't get something done?,98,good,"The AI answer captures the core distinction: an external obstacle corresponds to irritation/anger, while inability to accomplish something corresponds to frustration. It adds extra detail and slightly shifts 'irritated' to 'anger,' but the main semantic point matches the original answer well enough."
"Is irritation more about an external problem, and frustration more about feeling unable to achieve a goal?",98,good,The AI answer matches the ground truth: it correctly distinguishes irritation as tied to an external obstacle/interference and frustration as arising from inability to accomplish a goal. The added wording is consistent and preserves the meaning.
"When people talk about being irritated versus frustrated, what is the real difference between the two feelings?",98,good,The AI answer exactly matches the ground truth and conveys the same distinction between irritation and frustration.
"Why does irritation seem tied to something outside you, while frustration feels more like being blocked from accomplishing something?",98,good,The AI answer matches the ground truth: it identifies irritation with an external obstacle and frustration with feeling unable to accomplish something. The wording is slightly expanded but semantically equivalent.
What three factors can increase how intense a stressful emotion feels?,99,good,"The AI answer exactly matches the ground truth, listing the same three factors: physiological activation, perceived threat, and perceived lack of control."
"Which factors make a stressful feeling more intense: body arousal, threat, or control?",99,good,"The AI answer matches the ground truth: it identifies the same three factors—physiological activation/body arousal, perceived threat, and perceived lack of control. This is semantically equivalent and complete."
"In stressful emotions, what role do physiological activation, threat, and lack of control play?",99,good,"The AI answer correctly identifies the three factors as physiological activation, perceived threat, and perceived lack of control, which matches the ground truth. The added phrase about increasing intensity is extra but does not change the meaning."
What are the three things that can raise the intensity of a stress-related emotion?,99,good,"The AI answer exactly matches the ground truth by listing the same three factors: physiological activation, perceived threat, and perceived lack of control."
"How do activation, threat, and feeling out of control affect stressful emotions?",99,good,"The AI answer preserves the three key factors from the ground truth—physiological activation, perceived threat, and perceived lack of control—and correctly states their effect on stressful emotions. This is semantically equivalent, with only minor paraphrasing."
